2.079999923706054688e+00, 6.545000076293945312e+00, 4.639999866485595703e+00, 2.390000104904174805e+00, 4.880330562591552734e+00, 8.788407444953918457e-01, 9.000000000000000000e+00, -1.000000000000000000e+00
2.079999923706054688e+00, 6.530000209808349609e+00, 4.639999866485595703e+00, 2.390000104904174805e+00, 4.867566108703613281e+00, 8.814134597778320312e-01, 9.000000000000000000e+00, -1.000000000000000000e+00
2.079999923706054688e+00, 6.514999866485595703e+00, 4.639999866485595703e+00, 2.390000104904174805e+00, 4.854814529418945312e+00, 8.839997053146362305e-01, 9.000000000000000000e+00, -1.000000000000000000e+00
2.079999923706054688e+00, 6.500000000000000000e+00, 4.639999866485595703e+00, 2.390000104904174805e+00, 4.842075824737548828e+00, 8.865995407104492188e-01, 9.000000000000000000e+00, -1.000000000000000000e+00
2.079999923706054688e+00, 6.485000133514404297e+00, 4.639999866485595703e+00, 2.390000104904174805e+00, 4.829350471496582031e+00, 8.892130851745605469e-01, 9.000000000000000000e+00, -1.000000000000000000e+00
2.079999923706054688e+00, 6.469999790191650391e+00, 4.639999866485595703e+00, 2.390000104904174805e+00, 4.816637992858886719e+00, 8.918404579162597656e-01, 9.000000000000000000e+00, -1.000000000000000000e+00
2.079999923706054688e+00, 6.454999923706054688e+00, 4.639999866485595703e+00, 2.390000104904174805e+00, 4.803938388824462891e+00, 8.944817185401916504e-01, 9.000000000000000000e+00, -1.000000000000000000e+00
2.080523490905761719e+00, 6.440009117126464844e+00, 4.639999866485595703e+00, 2.390000104904174805e+00, 4.791252613067626953e+00, 8.415814042091369629e-01, 1.000000000000000000e+01, -1.000000000000000000e+00
2.081569910049438477e+00, 6.425045490264892578e+00, 4.639999866485595703e+00, 2.390000104904174805e+00, 4.778579711914062500e+00, 7.886951565742492676e-01, 1.000000000000000000e+01, -1.000000000000000000e+00
2.083137750625610352e+00, 6.410127639770507812e+00, 4.639999866485595703e+00, 2.390000104904174805e+00, 4.765920639038085938e+00, 7.358231544494628906e-01, 1.000000000000000000e+01, -1.000000000000000000e+00
2.085225343704223633e+00, 6.395273685455322266e+00, 4.639999866485595703e+00, 2.390000104904174805e+00, 4.750584125518798828e+00, 6.815540194511413574e-01, 1.000000000000000000e+01, -1.000000000000000000e+00
2.087830066680908203e+00, 6.380501747131347656e+00, 4.639999866485595703e+00, 2.390000104904174805e+00, 4.737945079803466797e+00, 6.287084221839904785e-01, 1.000000000000000000e+01, -1.000000000000000000e+00
2.090948820114135742e+00, 6.365829467773437500e+00, 4.639999866485595703e+00, 2.390000104904174805e+00, 4.722618579864501953e+00, 5.744598507881164551e-01, 1.000000000000000000e+01, -1.000000000000000000e+00
2.094577550888061523e+00, 6.351274967193603516e+00, 4.639999866485595703e+00, 2.390000104904174805e+00, 4.710000038146972656e+00, 5.216411352157592773e-01, 1.000000000000000000e+01, -1.000000000000000000e+00
2.098712205886840820e+00, 6.336856365203857422e+00, 4.639999866485595703e+00, 2.390000104904174805e+00, 4.694683074951171875e+00, 4.674135446548461914e-01, 1.000000000000000000e+01, -1.000000000000000000e+00
2.103347301483154297e+00, 6.322590351104736328e+00, 4.639999866485595703e+00, 2.390000104904174805e+00, 4.679369449615478516e+00, 4.131946563720703125e-01, 1.000000000000000000e+01, -1.000000000000000000e+00
2.108477592468261719e+00, 6.308495044708251953e+00, 4.639999866485595703e+00, 2.390000104904174805e+00, 4.664059162139892578e+00, 3.589845299720764160e-01, 1.000000000000000000e+01, -1.000000000000000000e+00
2.113608121871948242e+00, 6.294399738311767578e+00, 4.639999866485595703e+00, 2.390000104904174805e+00, 4.648752689361572266e+00, 3.603388369083404541e-01, 9.000000000000000000e+00, -1.000000000000000000e+00
2.118738412857055664e+00, 6.280303955078125000e+00, 4.639999866485595703e+00, 2.390000104904174805e+00, 4.637642383575439453e+00, 3.607670068740844727e-01, 9.000000000000000000e+00, -1.000000000000000000e+00
2.123868703842163086e+00, 6.266208648681640625e+00, 4.639999866485595703e+00, 2.390000104904174805e+00, 4.622339725494384766e+00, 3.621349632740020752e-01, 9.000000000000000000e+00, -1.000000000000000000e+00
2.128998994827270508e+00, 6.252113342285156250e+00, 4.639999866485595703e+00, 2.390000104904174805e+00, 4.607040882110595703e+00, 3.635119795799255371e-01, 9.000000000000000000e+00, -1.000000000000000000e+00
2.134129285812377930e+00, 6.238018035888671875e+00, 4.639999866485595703e+00, 2.390000104904174805e+00, 4.591745376586914062e+00, 3.648982048034667969e-01, 9.000000000000000000e+00, -1.000000000000000000e+00
2.139259576797485352e+00, 6.223922729492187500e+00, 4.639999866485595703e+00, 2.390000104904174805e+00, 4.576453208923339844e+00, 3.662936687469482422e-01, 9.000000000000000000e+00, -1.000000000000000000e+00
2.144389867782592773e+00, 6.209826946258544922e+00, 4.639999866485595703e+00, 2.390000104904174805e+00, 4.561164855957031250e+00, 3.676984906196594238e-01, 9.000000000000000000e+00, -1.000000000000000000e+00
2.149520158767700195e+00, 6.195731639862060547e+00, 4.639999866485595703e+00, 2.390000104904174805e+00, 4.550060272216796875e+00, 3.681528866291046143e-01, 9.000000000000000000e+00, -1.000000000000000000e+00
2.154650449752807617e+00, 6.181636333465576172e+00, 4.639999866485595703e+00, 2.390000104904174805e+00, 4.534776687622070312e+00, 3.695721328258514404e-01, 9.000000000000000000e+00, -1.000000000000000000e+00
2.159780740737915039e+00, 6.167541027069091797e+00, 4.639999866485595703e+00, 2.390000104904174805e+00, 4.519496440887451172e+00, 3.710010051727294922e-01, 9.000000000000000000e+00, -1.000000000000000000e+00
2.164911031723022461e+00, 6.153445720672607422e+00, 4.639999866485595703e+00, 2.390000104904174805e+00, 4.504220008850097656e+00, 3.724395632743835449e-01, 9.000000000000000000e+00, -1.000000000000000000e+00
2.170041322708129883e+00, 6.139350414276123047e+00, 4.639999866485595703e+00, 2.390000104904174805e+00, 4.486192703247070312e+00, 3.724080622196197510e-01, 9.000000000000000000e+00, -1.000000000000000000e+00
2.175171613693237305e+00, 6.125254631042480469e+00, 4.639999866485595703e+00, 2.390000104904174805e+00, 4.475092411041259766e+00, 3.728817403316497803e-01, 9.000000000000000000e+00, -1.000000000000000000e+00
2.180301904678344727e+00, 6.111159324645996094e+00, 4.639999866485595703e+00, 2.390000104904174805e+00, 4.459820747375488281e+00, 3.743410706520080566e-01, 9.000000000000000000e+00, -1.000000000000000000e+00
2.185432195663452148e+00, 6.097064018249511719e+00, 4.639999866485595703e+00, 2.390000104904174805e+00, 4.444552898406982422e+00, 3.758104145526885986e-01, 9.000000000000000000e+00, -1.000000000000000000e+00
2.190562486648559570e+00, 6.082968711853027344e+00, 4.639999866485595703e+00, 2.390000104904174805e+00, 4.429288864135742188e+00, 3.772898912429809570e-01, 9.000000000000000000e+00, -1.000000000000000000e+00
2.195692777633666992e+00, 6.068873405456542969e+00, 4.639999866485595703e+00, 2.390000104904174805e+00, 4.414028644561767578e+00, 3.787796199321746826e-01, 9.000000000000000000e+00, -1.000000000000000000e+00
2.200823068618774414e+00, 6.054778099060058594e+00, 4.639999866485595703e+00, 2.390000104904174805e+00, 4.398772716522216797e+00, 3.802796602249145508e-01, 9.000000000000000000e+00, -1.000000000000000000e+00
2.205953359603881836e+00, 6.040682315826416016e+00, 4.639999866485595703e+00, 2.390000104904174805e+00, 4.387678623199462891e+00, 3.807826638221740723e-01, 9.000000000000000000e+00, -1.000000000000000000e+00
2.211083650588989258e+00, 6.026587009429931641e+00, 4.639999866485595703e+00, 2.390000104904174805e+00, 4.372427940368652344e+00, 3.822987377643585205e-01, 9.000000000000000000e+00, -1.000000000000000000e+00
2.216213941574096680e+00, 6.012491703033447266e+00, 4.639999866485595703e+00, 2.390000104904174805e+00, 4.357181072235107422e+00, 3.838254213333129883e-01, 9.000000000000000000e+00, -1.000000000000000000e+00
2.221344470977783203e+00, 5.998396396636962891e+00, 4.639999866485595703e+00, 2.390000104904174805e+00, 4.341938018798828125e+00, 3.853628337383270264e-01, 9.000000000000000000e+00, -1.000000000000000000e+00
2.226474761962890625e+00, 5.984301090240478516e+00, 4.639999866485595703e+00, 2.390000104904174805e+00, 4.326699256896972656e+00, 3.869110643863677979e-01, 9.000000000000000000e+00, -1.000000000000000000e+00
2.231605052947998047e+00, 5.970205783843994141e+00, 4.639999866485595703e+00, 2.390000104904174805e+00, 4.315611362457275391e+00, 3.874395191669464111e-01, 9.000000000000000000e+00, -1.000000000000000000e+00
2.236735343933105469e+00, 5.956110000610351562e+00, 4.639999866485595703e+00, 2.390000104904174805e+00, 4.300377845764160156e+00, 3.890046179294586182e-01, 9.000000000000000000e+00, -1.000000000000000000e+00
2.241865634918212891e+00, 5.942014694213867188e+00, 4.639999866485595703e+00, 2.390000104904174805e+00, 4.285148620605468750e+00, 3.905808031558990479e-01, 9.000000000000000000e+00, -1.000000000000000000e+00
2.246995925903320312e+00, 5.927919387817382812e+00, 4.639999866485595703e+00, 2.390000104904174805e+00, 4.269923686981201172e+00, 3.921682536602020264e-01, 9.000000000000000000e+00, -1.000000000000000000e+00
2.252126216888427734e+00, 5.913824081420898438e+00, 4.639999866485595703e+00, 2.390000104904174805e+00, 4.254703044891357422e+00, 3.937670290470123291e-01, 9.000000000000000000e+00, -1.000000000000000000e+00
2.257256507873535156e+00, 5.899728775024414062e+00, 4.639999866485595703e+00, 2.390000104904174805e+00, 4.239487171173095703e+00, 3.953773081302642822e-01, 9.000000000000000000e+00, -1.000000000000000000e+00
2.262386798858642578e+00, 5.885632991790771484e+00, 4.639999866485595703e+00, 2.390000104904174805e+00, 4.228406906127929688e+00, 3.959388732910156250e-01, 9.000000000000000000e+00, -1.000000000000000000e+00
2.267517089843750000e+00, 5.871537685394287109e+00, 4.639999866485595703e+00, 2.390000104904174805e+00, 4.213196754455566406e+00, 3.975670337677001953e-01, 9.000000000000000000e+00, -1.000000000000000000e+00
2.272647380828857422e+00, 5.857442378997802734e+00, 4.639999866485595703e+00, 2.390000104904174805e+00, 4.197990417480468750e+00, 3.992069959640502930e-01, 9.000000000000000000e+00, -1.000000000000000000e+00
2.277777671813964844e+00, 5.843347072601318359e+00, 4.639999866485595703e+00, 2.390000104904174805e+00, 4.182789325714111328e+00, 4.008588790893554688e-01, 9.000000000000000000e+00, -1.000000000000000000e+00
2.282907962799072266e+00, 5.829251766204833984e+00, 4.639999866485595703e+00, 2.390000104904174805e+00, 4.167592048645019531e+00, 4.025228321552276611e-01, 9.000000000000000000e+00, -1.000000000000000000e+00
2.288038253784179688e+00, 5.815156459808349609e+00, 4.639999866485595703e+00, 2.390000104904174805e+00, 4.156518936157226562e+00, 4.031131267547607422e-01, 9.000000000000000000e+00, -1.000000000000000000e+00
2.293168544769287109e+00, 5.801060676574707031e+00, 4.639999866485595703e+00, 2.390000104904174805e+00, 4.141328334808349609e+00, 4.047958850860595703e-01, 9.000000000000000000e+00, -1.000000000000000000e+00
2.298298835754394531e+00, 5.786965370178222656e+00, 4.639999866485595703e+00, 2.390000104904174805e+00, 4.126142501831054688e+00, 4.064910411834716797e-01, 9.000000000000000000e+00, -1.000000000000000000e+00
2.303429126739501953e+00, 5.772870063781738281e+00, 4.639999866485595703e+00, 2.390000104904174805e+00, 4.110960960388183594e+00, 4.081987142562866211e-01, 9.000000000000000000e+00, -1.000000000000000000e+00
2.308559417724609375e+00, 5.758774757385253906e+00, 4.639999866485595703e+00, 2.390000104904174805e+00, 4.095784187316894531e+00, 4.099190235137939453e-01, 9.000000000000000000e+00, -1.000000000000000000e+00
2.313689708709716797e+00, 5.744679450988769531e+00, 4.639999866485595703e+00, 2.390000104904174805e+00, 4.080612659454345703e+00, 4.116521477699279785e-01, 9.000000000000000000e+00, -1.000000000000000000e+00
2.318819999694824219e+00, 5.730584144592285156e+00, 4.639999866485595703e+00, 2.390000104904174805e+00, 4.069548606872558594e+00, 4.122799038887023926e-01, 9.000000000000000000e+00, -1.000000000000000000e+00
2.323950290679931641e+00, 5.716488361358642578e+00, 4.639999866485595703e+00, 2.390000104904174805e+00, 4.054383277893066406e+00, 4.140330851078033447e-01, 9.000000000000000000e+00, -1.000000000000000000e+00
2.329080581665039062e+00, 5.702393054962158203e+00, 4.639999866485595703e+00, 2.390000104904174805e+00, 4.039223194122314453e+00, 4.157994091510772705e-01, 9.000000000000000000e+00, -1.000000000000000000e+00
2.334211111068725586e+00, 5.688297748565673828e+00, 4.639999866485595703e+00, 2.390000104904174805e+00, 4.024068355560302734e+00, 4.175790548324584961e-01, 9.000000000000000000e+00, -1.000000000000000000e+00
2.339341402053833008e+00, 5.674202442169189453e+00, 4.639999866485595703e+00, 2.390000104904174805e+00, 4.008918285369873047e+00, 4.193721413612365723e-01, 9.000000000000000000e+00, -1.000000000000000000e+00
2.344471693038940430e+00, 5.660107135772705078e+00, 4.639999866485595703e+00, 2.390000104904174805e+00, 3.997861862182617188e+00, 4.200325012207031250e-01, 9.000000000000000000e+00, -1.000000000000000000e+00
2.349601984024047852e+00, 5.646011829376220703e+00, 4.639999866485595703e+00, 2.390000104904174805e+00, 3.982718944549560547e+00, 4.218467175960540771e-01, 9.000000000000000000e+00, -1.000000000000000000e+00
2.354732275009155273e+00, 5.631916046142578125e+00, 4.639999866485595703e+00, 2.390000104904174805e+00, 3.967581033706665039e+00, 4.236747920513153076e-01, 9.000000000000000000e+00, -1.000000000000000000e+00
2.359862565994262695e+00, 5.617820739746093750e+00, 4.639999866485595703e+00, 2.390000104904174805e+00, 3.952448606491088867e+00, 4.255168437957763672e-01, 9.000000000000000000e+00, -1.000000000000000000e+00
2.364992856979370117e+00, 5.603725433349609375e+00, 4.639999866485595703e+00, 2.390000104904174805e+00, 3.937321424484252930e+00, 4.273730814456939697e-01, 9.000000000000000000e+00, -1.000000000000000000e+00
2.370123147964477539e+00, 5.589630126953125000e+00, 4.639999866485595703e+00, 2.390000104904174805e+00, 3.919301509857177734e+00, 4.275896549224853516e-01, 9.000000000000000000e+00, -1.000000000000000000e+00
2.375253438949584961e+00, 5.575534820556640625e+00, 4.639999866485595703e+00, 2.390000104904174805e+00, 3.908254146575927734e+00, 4.282884001731872559e-01, 9.000000000000000000e+00, -1.000000000000000000e+00
2.380383729934692383e+00, 5.561439037322998047e+00, 4.639999866485595703e+00, 2.390000104904174805e+00, 3.893135070800781250e+00, 4.301764667034149170e-01, 9.000000000000000000e+00, -1.000000000000000000e+00
2.385514020919799805e+00, 5.547343730926513672e+00, 4.639999866485595703e+00, 2.390000104904174805e+00, 3.878021478652954102e+00, 4.320792555809020996e-01, 9.000000000000000000e+00, -1.000000000000000000e+00
2.390644311904907227e+00, 5.533248424530029297e+00, 4.639999866485595703e+00, 2.390000104904174805e+00, 3.862913370132446289e+00, 4.339969158172607422e-01, 9.000000000000000000e+00, -1.000000000000000000e+00
2.396263360977172852e+00, 5.519340515136718750e+00, 4.639999866485595703e+00, 2.390000104904174805e+00, 3.847810983657836914e+00, 3.803740739822387695e-01, 1.000000000000000000e+01, -1.000000000000000000e+00
2.402364492416381836e+00, 5.505637645721435547e+00, 4.639999866485595703e+00, 2.390000104904174805e+00, 3.836772680282592773e+00, 3.255542814731597900e-01, 1.000000000000000000e+01, -1.000000000000000000e+00
2.408940076828002930e+00, 5.492155551910400391e+00, 4.639999866485595703e+00, 2.390000104904174805e+00, 3.821678400039672852e+00, 2.719552218914031982e-01, 1.000000000000000000e+01, -1.000000000000000000e+00
2.415982007980346680e+00, 5.478911399841308594e+00, 4.639999866485595703e+00, 2.390000104904174805e+00, 3.803662776947021484e+00, 2.166761159896850586e-01, 1.000000000000000000e+01, -1.000000000000000000e+00
2.423482179641723633e+00, 5.465920925140380859e+00, 4.639999866485595703e+00, 2.390000104904174805e+00, 3.792627811431884766e+00, 1.618735343217849731e-01, 1.000000000000000000e+01, -1.000000000000000000e+00
2.431430816650390625e+00, 5.453200340270996094e+00, 4.639999866485595703e+00, 2.390000104904174805e+00, 3.774612665176391602e+00, 1.066014692187309265e-01, 1.000000000000000000e+01, -1.000000000000000000e+00
2.439818859100341797e+00, 5.440764904022216797e+00, 4.639999866485595703e+00, 2.390000104904174805e+00, 3.763578653335571289e+00, 5.180774256587028503e-02, 1.000000000000000000e+01, -1.000000000000000000e+00
2.448206663131713867e+00, 5.428328990936279297e+00, 4.639999866485595703e+00, 2.390000104904174805e+00, 3.745563983917236328e+00, 5.209846422076225281e-02, 9.000000000000000000e+00, -1.000000000000000000e+00
2.456594467163085938e+00, 5.415893554687500000e+00, 4.639999866485595703e+00, 2.390000104904174805e+00, 3.731601476669311523e+00, 5.114195868372917175e-02, 9.000000000000000000e+00, -1.000000000000000000e+00
2.464982509613037109e+00, 5.403458118438720703e+00, 4.639999866485595703e+00, 2.390000104904174805e+00, 3.716517210006713867e+00, 5.316746607422828674e-02, 9.000000000000000000e+00, -1.000000000000000000e+00
2.473370313644409180e+00, 5.391022682189941406e+00, 4.639999866485595703e+00, 2.390000104904174805e+00, 3.702553272247314453e+00, 5.220748856663703918e-02, 9.000000000000000000e+00, -1.000000000000000000e+00
2.481758356094360352e+00, 5.378586769104003906e+00, 4.639999866485595703e+00, 2.390000104904174805e+00, 3.684538602828979492e+00, 5.250498279929161072e-02, 9.000000000000000000e+00, -1.000000000000000000e+00
2.490146160125732422e+00, 5.366151332855224609e+00, 4.639999866485595703e+00, 2.390000104904174805e+00, 3.670575618743896484e+00, 5.153411999344825745e-02, 9.000000000000000000e+00, -1.000000000000000000e+00
2.498533964157104492e+00, 5.353715896606445312e+00, 4.639999866485595703e+00, 2.390000104904174805e+00, 3.655492544174194336e+00, 5.359505861997604370e-02, 9.000000000000000000e+00, -1.000000000000000000e+00
2.506922006607055664e+00, 5.341280460357666016e+00, 4.639999866485595703e+00, 2.390000104904174805e+00, 3.641527891159057617e+00, 5.262063443660736084e-02, 9.000000000000000000e+00, -1.000000000000000000e+00
2.515309810638427734e+00, 5.328844547271728516e+00, 4.639999866485595703e+00, 2.390000104904174805e+00, 3.623513460159301758e+00, 5.292519181966781616e-02, 9.000000000000000000e+00, -1.000000000000000000e+00
2.523697614669799805e+00, 5.316409111022949219e+00, 4.639999866485595703e+00, 2.390000104904174805e+00, 3.612481832504272461e+00, 5.372462049126625061e-02, 9.000000000000000000e+00, -1.000000000000000000e+00
2.532085657119750977e+00, 5.303973674774169922e+00, 4.639999866485595703e+00, 2.390000104904174805e+00, 3.594467878341674805e+00, 5.403717234730720520e-02, 9.000000000000000000e+00, -1.000000000000000000e+00
2.540473461151123047e+00, 5.291537761688232422e+00, 4.639999866485595703e+00, 2.390000104904174805e+00, 3.580502748489379883e+00, 5.304786190390586853e-02, 9.000000000000000000e+00, -1.000000000000000000e+00
2.548861503601074219e+00, 5.279102325439453125e+00, 4.639999866485595703e+00, 2.390000104904174805e+00, 3.565424203872680664e+00, 5.516726896166801453e-02, 9.000000000000000000e+00, -1.000000000000000000e+00
2.557249307632446289e+00, 5.266666889190673828e+00, 4.639999866485595703e+00, 2.390000104904174805e+00, 3.551457405090332031e+00, 5.417431518435478210e-02, 9.000000000000000000e+00, -1.000000000000000000e+00
2.565637111663818359e+00, 5.254231452941894531e+00, 4.639999866485595703e+00, 2.390000104904174805e+00, 3.533443689346313477e+00, 5.449455603957176208e-02, 9.000000000000000000e+00, -1.000000000000000000e+00
2.574025154113769531e+00, 5.241795539855957031e+00, 4.639999866485595703e+00, 2.390000104904174805e+00, 3.522413969039916992e+00, 5.531933903694152832e-02, 9.000000000000000000e+00, -1.000000000000000000e+00
2.582412958145141602e+00, 5.229360103607177734e+00, 4.639999866485595703e+00, 2.390000104904174805e+00, 3.504400730133056641e+00, 5.564812198281288147e-02, 9.000000000000000000e+00, -1.000000000000000000e+00
2.590800762176513672e+00, 5.216924667358398438e+00, 4.639999866485595703e+00, 2.390000104904174805e+00, 3.490433454513549805e+00, 5.463973060250282288e-02, 9.000000000000000000e+00, -1.000000000000000000e+00
2.599188804626464844e+00, 5.204489231109619141e+00, 4.639999866485595703e+00, 2.390000104904174805e+00, 3.475359678268432617e+00, 5.682096630334854126e-02, 9.000000000000000000e+00, -1.000000000000000000e+00
2.607576608657836914e+00, 5.192053318023681641e+00, 4.639999866485595703e+00, 2.390000104904174805e+00, 3.461390733718872070e+00, 5.580884963274002075e-02, 9.000000000000000000e+00, -1.000000000000000000e+00
2.615964651107788086e+00, 5.179617881774902344e+00, 4.639999866485595703e+00, 2.390000104904174805e+00, 3.443377733230590820e+00, 5.614601820707321167e-02, 9.000000000000000000e+00, -1.000000000000000000e+00
2.624352455139160156e+00, 5.167182445526123047e+00, 4.639999866485595703e+00, 2.390000104904174805e+00, 3.432349681854248047e+00, 5.699775367975234985e-02, 9.000000000000000000e+00, -1.000000000000000000e+00
2.632740259170532227e+00, 5.154747009277343750e+00, 4.639999866485595703e+00, 2.390000104904174805e+00, 3.414337396621704102e+00, 5.734406039118766785e-02, 9.000000000000000000e+00, -1.000000000000000000e+00
2.641128301620483398e+00, 5.142311096191406250e+00, 4.639999866485595703e+00, 2.390000104904174805e+00, 3.400367736816406250e+00, 5.631592869758605957e-02, 9.000000000000000000e+00, -1.000000000000000000e+00
2.649516105651855469e+00, 5.129875659942626953e+00, 4.639999866485595703e+00, 2.390000104904174805e+00, 3.385299205780029297e+00, 5.856265500187873840e-02, 9.000000000000000000e+00, -1.000000000000000000e+00
2.657904148101806641e+00, 5.117440223693847656e+00, 4.639999866485595703e+00, 2.390000104904174805e+00, 3.371327638626098633e+00, 5.753071606159210205e-02, 9.000000000000000000e+00, -1.000000000000000000e+00
2.666291952133178711e+00, 5.105004310607910156e+00, 4.639999866485595703e+00, 2.390000104904174805e+00, 3.357357501983642578e+00, 5.649019032716751099e-02, 9.000000000000000000e+00, -1.000000000000000000e+00
2.674679756164550781e+00, 5.092568874359130859e+00, 4.639999866485595703e+00, 2.390000104904174805e+00, 3.342289686203002930e+00, 5.876661837100982666e-02, 9.000000000000000000e+00, -1.000000000000000000e+00
2.683067798614501953e+00, 5.080133438110351562e+00, 4.639999866485595703e+00, 2.390000104904174805e+00, 3.328317880630493164e+00, 5.772219970822334290e-02, 9.000000000000000000e+00, -1.000000000000000000e+00
2.691455602645874023e+00, 5.067698001861572266e+00, 4.639999866485595703e+00, 2.390000104904174805e+00, 3.310305833816528320e+00, 5.808333307504653931e-02, 9.000000000000000000e+00, -1.000000000000000000e+00
2.699843406677246094e+00, 5.055262088775634766e+00, 4.639999866485595703e+00, 2.390000104904174805e+00, 3.299280166625976562e+00, 5.897589772939682007e-02, 9.000000000000000000e+00, -1.000000000000000000e+00
2.708231449127197266e+00, 5.042826652526855469e+00, 4.639999866485595703e+00, 2.390000104904174805e+00, 3.281268835067749023e+00, 5.934710800647735596e-02, 9.000000000000000000e+00, -1.000000000000000000e+00
2.716619253158569336e+00, 5.030391216278076172e+00, 4.639999866485595703e+00, 2.390000104904174805e+00, 3.267296314239501953e+00, 5.828566476702690125e-02, 9.000000000000000000e+00, -1.000000000000000000e+00
2.725007295608520508e+00, 5.017955780029296875e+00, 4.639999866485595703e+00, 2.390000104904174805e+00, 3.249284505844116211e+00, 5.865670368075370789e-02, 9.000000000000000000e+00, -1.000000000000000000e+00
2.733395099639892578e+00, 5.005519866943359375e+00, 4.639999866485595703e+00, 2.390000104904174805e+00, 3.238259553909301758e+00, 5.956804007291793823e-02, 9.000000000000000000e+00, -1.000000000000000000e+00
2.741782903671264648e+00, 4.993084430694580078e+00, 4.639999866485595703e+00, 2.390000104904174805e+00, 3.220248460769653320e+00, 5.994959548115730286e-02, 9.000000000000000000e+00, -1.000000000000000000e+00
2.750170946121215820e+00, 4.980648994445800781e+00, 4.639999866485595703e+00, 2.390000104904174805e+00, 3.206274986267089844e+00, 5.887058004736900330e-02, 9.000000000000000000e+00, -1.000000000000000000e+00
2.758558750152587891e+00, 4.968213558197021484e+00, 4.639999866485595703e+00, 2.390000104904174805e+00, 3.191214561462402344e+00, 6.126601248979568481e-02, 9.000000000000000000e+00, -1.000000000000000000e+00
2.766946554183959961e+00, 4.955777645111083984e+00, 4.639999866485595703e+00, 2.390000104904174805e+00, 3.177239418029785156e+00, 6.018292531371116638e-02, 9.000000000000000000e+00, -1.000000000000000000e+00
2.775334596633911133e+00, 4.943342208862304688e+00, 4.639999866485595703e+00, 2.390000104904174805e+00, 3.159228563308715820e+00, 6.057535856962203979e-02, 9.000000000000000000e+00, -1.000000000000000000e+00
2.783722400665283203e+00, 4.930906772613525391e+00, 4.639999866485595703e+00, 2.390000104904174805e+00, 3.148205757141113281e+00, 6.151948124170303345e-02, 9.000000000000000000e+00, -1.000000000000000000e+00
2.792110443115234375e+00, 4.918470859527587891e+00, 4.639999866485595703e+00, 2.390000104904174805e+00, 3.130195617675781250e+00, 6.192324310541152954e-02, 9.000000000000000000e+00, -1.000000000000000000e+00
2.800498247146606445e+00, 4.906035423278808594e+00, 4.639999866485595703e+00, 2.390000104904174805e+00, 3.116219758987426758e+00, 6.082189455628395081e-02, 9.000000000000000000e+00, -1.000000000000000000e+00
2.808886051177978516e+00, 4.893599987030029297e+00, 4.639999866485595703e+00, 2.390000104904174805e+00, 3.101165056228637695e+00, 6.329636275768280029e-02, 9.000000000000000000e+00, -1.000000000000000000e+00
2.817274093627929688e+00, 4.881164550781250000e+00, 4.639999866485595703e+00, 2.390000104904174805e+00, 3.087187290191650391e+00, 6.219087541103363037e-02, 9.000000000000000000e+00, -1.000000000000000000e+00
2.825661897659301758e+00, 4.868728637695312500e+00, 4.639999866485595703e+00, 2.390000104904174805e+00, 3.069177389144897461e+00, 6.260660290718078613e-02, 9.000000000000000000e+00, -1.000000000000000000e+00
2.834049701690673828e+00, 4.856293201446533203e+00, 4.639999866485595703e+00, 2.390000104904174805e+00, 3.058157205581665039e+00, 6.358584761619567871e-02, 9.000000000000000000e+00, -1.000000000000000000e+00
2.842437744140625000e+00, 4.843857765197753906e+00, 4.639999866485595703e+00, 2.390000104904174805e+00, 3.040148019790649414e+00, 6.401380896568298340e-02, 9.000000000000000000e+00, -1.000000000000000000e+00
2.850825548171997070e+00, 4.831422328948974609e+00, 4.639999866485595703e+00, 2.390000104904174805e+00, 3.026169300079345703e+00, 6.288934499025344849e-02, 9.000000000000000000e+00, -1.000000000000000000e+00
2.859213590621948242e+00, 4.818986415863037109e+00, 4.639999866485595703e+00, 2.390000104904174805e+00, 3.011121034622192383e+00, 6.544814258813858032e-02, 9.000000000000000000e+00, -1.000000000000000000e+00
2.867601394653320312e+00, 4.806550979614257812e+00, 4.639999866485595703e+00, 2.390000104904174805e+00, 2.997140407562255859e+00, 6.431948393583297729e-02, 9.000000000000000000e+00, -1.000000000000000000e+00
2.875989198684692383e+00, 4.794115543365478516e+00, 4.639999866485595703e+00, 2.390000104904174805e+00, 2.979131698608398438e+00, 6.476064026355743408e-02, 9.000000000000000000e+00, -1.000000000000000000e+00
2.884377241134643555e+00, 4.781680107116699219e+00, 4.639999866485595703e+00, 2.390000104904174805e+00, 2.968113899230957031e+00, 6.577759236097335815e-02, 9.000000000000000000e+00, -1.000000000000000000e+00
2.892765045166015625e+00, 4.769244194030761719e+00, 4.639999866485595703e+00, 2.390000104904174805e+00, 2.950105905532836914e+00, 6.623199582099914551e-02, 9.000000000000000000e+00, -1.000000000000000000e+00
2.901152849197387695e+00, 4.756808757781982422e+00, 4.639999866485595703e+00, 2.390000104904174805e+00, 2.936124086380004883e+00, 6.508360803127288818e-02, 9.000000000000000000e+00, -1.000000000000000000e+00
2.909540891647338867e+00, 4.744373321533203125e+00, 4.639999866485595703e+00, 2.390000104904174805e+00, 2.921082735061645508e+00, 6.773258745670318604e-02, 9.000000000000000000e+00, -1.000000000000000000e+00
2.917928695678710938e+00, 4.731937408447265625e+00, 4.639999866485595703e+00, 2.390000104904174805e+00, 2.907099008560180664e+00, 6.657995283603668213e-02, 9.000000000000000000e+00, -1.000000000000000000e+00
2.926316738128662109e+00, 4.719501972198486328e+00, 4.639999866485595703e+00, 2.390000104904174805e+00, 2.889091491699218750e+00, 6.704895198345184326e-02, 9.000000000000000000e+00, -1.000000000000000000e+00
2.934704542160034180e+00, 4.707066535949707031e+00, 4.639999866485595703e+00, 2.390000104904174805e+00, 2.878076553344726562e+00, 6.810647249221801758e-02, 9.000000000000000000e+00, -1.000000000000000000e+00
2.943092346191406250e+00, 4.694631099700927734e+00, 4.639999866485595703e+00, 2.390000104904174805e+00, 2.860069990158081055e+00, 6.858984380960464478e-02, 9.000000000000000000e+00, -1.000000000000000000e+00
2.951480388641357422e+00, 4.682195186614990234e+00, 4.639999866485595703e+00, 2.390000104904174805e+00, 2.846085071563720703e+00, 6.741671264171600342e-02, 9.000000000000000000e+00, -1.000000000000000000e+00
2.959868192672729492e+00, 4.669759750366210938e+00, 4.639999866485595703e+00, 2.390000104904174805e+00, 2.831051111221313477e+00, 7.016232609748840332e-02, 9.000000000000000000e+00, -1.000000000000000000e+00
2.968255996704101562e+00, 4.657324314117431641e+00, 4.639999866485595703e+00, 2.390000104904174805e+00, 2.817064046859741211e+00, 6.898491829633712769e-02, 9.000000000000000000e+00, -1.000000000000000000e+00
2.976644039154052734e+00, 4.644888877868652344e+00, 4.639999866485595703e+00, 2.390000104904174805e+00, 2.799057960510253906e+00, 6.948447227478027344e-02, 9.000000000000000000e+00, -1.000000000000000000e+00
2.985031843185424805e+00, 4.632452964782714844e+00, 4.639999866485595703e+00, 2.390000104904174805e+00, 2.785071849822998047e+00, 6.829013675451278687e-02, 9.000000000000000000e+00, -1.000000000000000000e+00
2.993419885635375977e+00, 4.620017528533935547e+00, 4.639999866485595703e+00, 2.390000104904174805e+00, 2.774058341979980469e+00, 6.939224153757095337e-02, 9.000000000000000000e+00, -1.000000000000000000e+00
3.001807689666748047e+00, 4.607582092285156250e+00, 4.639999866485595703e+00, 2.390000104904174805e+00, 2.756052494049072266e+00, 6.990225613117218018e-02, 9.000000000000000000e+00, -1.000000000000000000e+00
3.010195493698120117e+00, 4.595146656036376953e+00, 4.639999866485595703e+00, 2.390000104904174805e+00, 2.742065906524658203e+00, 6.869131326675415039e-02, 9.000000000000000000e+00, -1.000000000000000000e+00
3.018583536148071289e+00, 4.582710742950439453e+00, 4.639999866485595703e+00, 2.390000104904174805e+00, 2.727035999298095703e+00, 7.154867798089981079e-02, 9.000000000000000000e+00, -1.000000000000000000e+00
3.026971340179443359e+00, 4.570275306701660156e+00, 4.639999866485595703e+00, 2.390000104904174805e+00, 2.713047266006469727e+00, 7.033327966928482056e-02, 9.000000000000000000e+00, -1.000000000000000000e+00
3.035359144210815430e+00, 4.557839870452880859e+00, 4.639999866485595703e+00, 2.390000104904174805e+00, 2.695041656494140625e+00, 7.086112350225448608e-02, 9.000000000000000000e+00, -1.000000000000000000e+00
3.043747186660766602e+00, 4.545403957366943359e+00, 4.639999866485595703e+00, 2.390000104904174805e+00, 2.684031486511230469e+00, 7.201074063777923584e-02, 9.000000000000000000e+00, -1.000000000000000000e+00
3.051695823669433594e+00, 4.532683372497558594e+00, 4.639999866485595703e+00, 2.390000104904174805e+00, 2.666027069091796875e+00, 1.281112134456634521e-01, 1.100000000000000000e+01, -1.000000000000000000e+00
3.059195995330810547e+00, 4.519692897796630859e+00, 4.639999866485595703e+00, 2.390000104904174805e+00, 2.651009321212768555e+00, 1.866279989480972290e-01, 1.100000000000000000e+01, -1.000000000000000000e+00
3.066237926483154297e+00, 4.506448745727539062e+00, 4.639999866485595703e+00, 2.390000104904174805e+00, 2.637015342712402344e+00, 2.409541606903076172e-01, 1.100000000000000000e+01, -1.000000000000000000e+00
3.072813510894775391e+00, 4.492967128753662109e+00, 4.639999866485595703e+00, 2.390000104904174805e+00, 2.622003078460693359e+00, 2.995136082172393799e-01, 1.100000000000000000e+01, -1.000000000000000000e+00
3.078914642333984375e+00, 4.479263782501220703e+00, 4.639999866485595703e+00, 2.390000104904174805e+00, 2.607000112533569336e+00, 3.581076562404632568e-01, 1.100000000000000000e+01, -1.000000000000000000e+00
3.084533691406250000e+00, 4.465355873107910156e+00, 4.639999866485595703e+00, 2.390000104904174805e+00, 2.596001625061035156e+00, 4.148919582366943359e-01, 1.100000000000000000e+01, -1.000000000000000000e+00
3.089663982391357422e+00, 4.451260566711425781e+00, 4.639999866485595703e+00, 2.390000104904174805e+00, 2.581012487411499023e+00, 4.735413789749145508e-01, 1.100000000000000000e+01, -1.000000000000000000e+00
3.094299316406250000e+00, 4.436994552612304688e+00, 4.639999866485595703e+00, 2.390000104904174805e+00, 2.566032886505126953e+00, 5.322269201278686523e-01, 1.100000000000000000e+01, -1.000000000000000000e+00
3.098433732986450195e+00, 4.422575950622558594e+00, 4.639999866485595703e+00, 2.390000104904174805e+00, 2.551063537597656250e+00, 5.909492373466491699e-01, 1.100000000000000000e+01, -1.000000000000000000e+00
3.102062702178955078e+00, 4.408021450042724609e+00, 4.639999866485595703e+00, 2.390000104904174805e+00, 2.536104202270507812e+00, 6.497089266777038574e-01, 1.100000000000000000e+01, -1.000000000000000000e+00
3.105691432952880859e+00, 4.393466949462890625e+00, 4.639999866485595703e+00, 2.390000104904174805e+00, 2.521155595779418945e+00, 6.529510617256164551e-01, 9.000000000000000000e+00, -1.000000000000000000e+00
3.109320402145385742e+00, 4.378912448883056641e+00, 4.639999866485595703e+00, 2.390000104904174805e+00, 2.509272813796997070e+00, 6.587436795234680176e-01, 9.000000000000000000e+00, -1.000000000000000000e+00
3.112949132919311523e+00, 4.364357948303222656e+00, 4.639999866485595703e+00, 2.390000104904174805e+00, 2.494353532791137695e+00, 6.620747447013854980e-01, 9.000000000000000000e+00, -1.000000000000000000e+00
3.116577863693237305e+00, 4.349803447723388672e+00, 4.639999866485595703e+00, 2.390000104904174805e+00, 2.479445457458496094e+00, 6.654459238052368164e-01, 9.000000000000000000e+00, -1.000000000000000000e+00
3.120206832885742188e+00, 4.335249423980712891e+00, 4.639999866485595703e+00, 2.390000104904174805e+00, 2.468486309051513672e+00, 6.668696403503417969e-01, 9.000000000000000000e+00, -1.000000000000000000e+00
3.123835563659667969e+00, 4.320694923400878906e+00, 4.639999866485595703e+00, 2.390000104904174805e+00, 2.456684827804565430e+00, 6.728534102439880371e-01, 9.000000000000000000e+00, -1.000000000000000000e+00
3.127464532852172852e+00, 4.306140422821044922e+00, 4.639999866485595703e+00, 2.390000104904174805e+00, 2.441812753677368164e+00, 6.763422489166259766e-01, 9.000000000000000000e+00, -1.000000000000000000e+00
3.131093263626098633e+00, 4.291585922241210938e+00, 4.639999866485595703e+00, 2.390000104904174805e+00, 2.426952838897705078e+00, 6.798738837242126465e-01, 9.000000000000000000e+00, -1.000000000000000000e+00
3.134721994400024414e+00, 4.277031421661376953e+00, 4.639999866485595703e+00, 2.390000104904174805e+00, 2.415227651596069336e+00, 6.860238313674926758e-01, 9.000000000000000000e+00, -1.000000000000000000e+00
3.138350963592529297e+00, 4.262476921081542969e+00, 4.639999866485595703e+00, 2.390000104904174805e+00, 2.400401115417480469e+00, 6.896543502807617188e-01, 9.000000000000000000e+00, -1.000000000000000000e+00
3.141979694366455078e+00, 4.247922420501708984e+00, 4.639999866485595703e+00, 2.390000104904174805e+00, 2.385586977005004883e+00, 6.933300495147705078e-01, 9.000000000000000000e+00, -1.000000000000000000e+00
3.145608663558959961e+00, 4.233368396759033203e+00, 4.639999866485595703e+00, 2.390000104904174805e+00, 2.370785713195800781e+00, 6.970516443252563477e-01, 9.000000000000000000e+00, -1.000000000000000000e+00
3.149237394332885742e+00, 4.218813896179199219e+00, 4.639999866485595703e+00, 2.390000104904174805e+00, 2.359163045883178711e+00, 7.034328579902648926e-01, 9.000000000000000000e+00, -1.000000000000000000e+00
3.152866363525390625e+00, 4.204259395599365234e+00, 4.639999866485595703e+00, 2.390000104904174805e+00, 2.344397544860839844e+00, 7.072600722312927246e-01, 9.000000000000000000e+00, -1.000000000000000000e+00
3.156495094299316406e+00, 4.189704895019531250e+00, 4.639999866485595703e+00, 2.390000104904174805e+00, 2.329645872116088867e+00, 7.111358046531677246e-01, 9.000000000000000000e+00, -1.000000000000000000e+00
3.160123825073242188e+00, 4.175150394439697266e+00, 4.639999866485595703e+00, 2.390000104904174805e+00, 2.318755149841308594e+00, 7.128667235374450684e-01, 9.000000000000000000e+00, -1.000000000000000000e+00
3.163752794265747070e+00, 4.160595893859863281e+00, 4.639999866485595703e+00, 2.390000104904174805e+00, 2.307227849960327148e+00, 7.194710373878479004e-01, 9.000000000000000000e+00, -1.000000000000000000e+00
3.167381525039672852e+00, 4.146041393280029297e+00, 4.639999866485595703e+00, 2.390000104904174805e+00, 2.292520523071289062e+00, 7.234880328178405762e-01, 9.000000000000000000e+00, -1.000000000000000000e+00
3.171010494232177734e+00, 4.131486892700195312e+00, 4.639999866485595703e+00, 2.390000104904174805e+00, 2.277827978134155273e+00, 7.275568246841430664e-01, 9.000000000000000000e+00, -1.000000000000000000e+00
3.174639225006103516e+00, 4.116932868957519531e+00, 4.639999866485595703e+00, 2.390000104904174805e+00, 2.266390323638916016e+00, 7.343547344207763672e-01, 9.000000000000000000e+00, -1.000000000000000000e+00
3.178267955780029297e+00, 4.102378368377685547e+00, 4.639999866485595703e+00, 2.390000104904174805e+00, 2.251738309860229492e+00, 7.385415434837341309e-01, 9.000000000000000000e+00, -1.000000000000000000e+00
3.181896924972534180e+00, 4.087823867797851562e+00, 4.639999866485595703e+00, 2.390000104904174805e+00, 2.237102031707763672e+00, 7.427831292152404785e-01, 9.000000000000000000e+00, -1.000000000000000000e+00
3.186031341552734375e+00, 4.073404788970947266e+00, 4.639999866485595703e+00, 2.390000104904174805e+00, 2.222481727600097656e+00, 6.915250420570373535e-01, 1.000000000000000000e+01, -1.000000000000000000e+00
3.190666675567626953e+00, 4.059139251708984375e+00, 4.639999866485595703e+00, 2.390000104904174805e+00, 2.207877874374389648e+00, 6.403238177299499512e-01, 1.000000000000000000e+01, -1.000000000000000000e+00
3.195796966552734375e+00, 4.045043468475341797e+00, 4.639999866485595703e+00, 2.390000104904174805e+00, 2.197054862976074219e+00, 5.867942571640014648e-01, 1.000000000000000000e+01, -1.000000000000000000e+00
3.201416015625000000e+00, 4.031136035919189453e+00, 4.639999866485595703e+00, 2.390000104904174805e+00, 2.182475566864013672e+00, 5.356864333152770996e-01, 1.000000000000000000e+01, -1.000000000000000000e+00
3.207517147064208984e+00, 4.017432689666748047e+00, 4.639999866485595703e+00, 2.390000104904174805e+00, 2.167913675308227539e+00, 4.846383333206176758e-01, 1.000000000000000000e+01, -1.000000000000000000e+00
3.214092731475830078e+00, 4.003950595855712891e+00, 4.639999866485595703e+00, 2.390000104904174805e+00, 2.153369426727294922e+00, 4.336512088775634766e-01, 1.000000000000000000e+01, -1.000000000000000000e+00
3.221134901046752930e+00, 3.990706682205200195e+00, 4.639999866485595703e+00, 2.390000104904174805e+00, 2.139252185821533203e+00, 3.774737417697906494e-01, 1.000000000000000000e+01, -1.000000000000000000e+00
3.228176832199096680e+00, 3.977462291717529297e+00, 4.639999866485595703e+00, 2.390000104904174805e+00, 2.124723434448242188e+00, 3.821307718753814697e-01, 9.000000000000000000e+00, -1.000000000000000000e+00
3.235219001770019531e+00, 3.964218139648437500e+00, 4.639999866485595703e+00, 2.390000104904174805e+00, 2.106875658035278320e+00, 3.840417563915252686e-01, 9.000000000000000000e+00, -1.000000000000000000e+00
3.242260932922363281e+00, 3.950973987579345703e+00, 4.639999866485595703e+00, 2.390000104904174805e+00, 2.096091508865356445e+00, 3.862761557102203369e-01, 9.000000000000000000e+00, -1.000000000000000000e+00
3.249303102493286133e+00, 3.937729835510253906e+00, 4.639999866485595703e+00, 2.390000104904174805e+00, 2.081598043441772461e+00, 3.910910785198211670e-01, 9.000000000000000000e+00, -1.000000000000000000e+00
3.256345272064208984e+00, 3.924485445022583008e+00, 4.639999866485595703e+00, 2.390000104904174805e+00, 2.063764810562133789e+00, 3.931194543838500977e-01, 9.000000000000000000e+00, -1.000000000000000000e+00
3.263387203216552734e+00, 3.911241292953491211e+00, 4.639999866485595703e+00, 2.390000104904174805e+00, 2.052997827529907227e+00, 3.954484164714813232e-01, 9.000000000000000000e+00, -1.000000000000000000e+00
3.270429372787475586e+00, 3.897997140884399414e+00, 4.639999866485595703e+00, 2.390000104904174805e+00, 2.035171985626220703e+00, 3.975434601306915283e-01, 9.000000000000000000e+00, -1.000000000000000000e+00
3.277471303939819336e+00, 3.884752988815307617e+00, 4.639999866485595703e+00, 2.390000104904174805e+00, 2.020723819732666016e+00, 4.025841355323791504e-01, 9.000000000000000000e+00, -1.000000000000000000e+00
3.284513473510742188e+00, 3.871508598327636719e+00, 4.639999866485595703e+00, 2.390000104904174805e+00, 2.009975194931030273e+00, 4.050136208534240723e-01, 9.000000000000000000e+00, -1.000000000000000000e+00
3.291555404663085938e+00, 3.858264446258544922e+00, 4.639999866485595703e+00, 2.390000104904174805e+00, 1.992165923118591309e+00, 4.072394669055938721e-01, 9.000000000000000000e+00, -1.000000000000000000e+00
3.298597574234008789e+00, 3.845020294189453125e+00, 4.639999866485595703e+00, 2.390000104904174805e+00, 1.981426239013671875e+00, 4.097292125225067139e-01, 9.000000000000000000e+00, -1.000000000000000000e+00
3.305639743804931641e+00, 3.831776142120361328e+00, 4.639999866485595703e+00, 2.390000104904174805e+00, 1.963625431060791016e+00, 4.120301604270935059e-01, 9.000000000000000000e+00, -1.000000000000000000e+00
3.312681674957275391e+00, 3.818531751632690430e+00, 4.639999866485595703e+00, 2.390000104904174805e+00, 1.949236989021301270e+00, 4.173629581928253174e-01, 9.000000000000000000e+00, -1.000000000000000000e+00
3.319723844528198242e+00, 3.805287599563598633e+00, 4.639999866485595703e+00, 2.390000104904174805e+00, 1.938517451286315918e+00, 4.199638366699218750e-01, 9.000000000000000000e+00, -1.000000000000000000e+00
3.326765775680541992e+00, 3.792043447494506836e+00, 4.639999866485595703e+00, 2.390000104904174805e+00, 1.920735478401184082e+00, 4.224109649658203125e-01, 9.000000000000000000e+00, -1.000000000000000000e+00
3.333807945251464844e+00, 3.778799057006835938e+00, 4.639999866485595703e+00, 2.390000104904174805e+00, 1.906390547752380371e+00, 4.279419183731079102e-01, 9.000000000000000000e+00, -1.000000000000000000e+00
3.340850114822387695e+00, 3.765554904937744141e+00, 4.639999866485595703e+00, 2.390000104904174805e+00, 1.892253994941711426e+00, 4.276110231876373291e-01, 9.000000000000000000e+00, -1.000000000000000000e+00
3.347892045974731445e+00, 3.752310752868652344e+00, 4.639999866485595703e+00, 2.390000104904174805e+00, 1.877930998802185059e+00, 4.332655072212219238e-01, 9.000000000000000000e+00, -1.000000000000000000e+00
3.354934215545654297e+00, 3.739066600799560547e+00, 4.639999866485595703e+00, 2.390000104904174805e+00, 1.863632202148437500e+00, 4.390068352222442627e-01, 9.000000000000000000e+00, -1.000000000000000000e+00
3.361976146697998047e+00, 3.725822210311889648e+00, 4.639999866485595703e+00, 2.390000104904174805e+00, 1.849493145942687988e+00, 4.387528896331787109e-01, 9.000000000000000000e+00, -1.000000000000000000e+00
3.369018316268920898e+00, 3.712578058242797852e+00, 4.639999866485595703e+00, 2.390000104904174805e+00, 1.835217952728271484e+00, 4.446258544921875000e-01, 9.000000000000000000e+00, -1.000000000000000000e+00
3.375593900680541992e+00, 3.699096202850341797e+00, 4.639999866485595703e+00, 2.390000104904174805e+00, 1.817484498023986816e+00, 5.030086040496826172e-01, 1.100000000000000000e+01, -1.000000000000000000e+00
3.381695032119750977e+00, 3.685393095016479492e+00, 4.639999866485595703e+00, 2.390000104904174805e+00, 1.806827306747436523e+00, 5.615326762199401855e-01, 1.100000000000000000e+01, -1.000000000000000000e+00
3.387314081192016602e+00, 3.671485185623168945e+00, 4.639999866485595703e+00, 2.390000104904174805e+00, 1.792602896690368652e+00, 6.231936216354370117e-01, 1.100000000000000000e+01, -1.000000000000000000e+00
3.392444372177124023e+00, 3.657389879226684570e+00, 4.639999866485595703e+00, 2.390000104904174805e+00, 1.778405189514160156e+00, 6.849521994590759277e-01, 1.100000000000000000e+01, -1.000000000000000000e+00
3.397079706192016602e+00, 3.643124103546142578e+00, 4.639999866485595703e+00, 2.390000104904174805e+00, 1.764235019683837891e+00, 7.468105554580688477e-01, 1.100000000000000000e+01, -1.000000000000000000e+00
3.401714801788330078e+00, 3.628858089447021484e+00, 4.639999866485595703e+00, 2.390000104904174805e+00, 1.750092864036560059e+00, 7.532152533531188965e-01, 9.000000000000000000e+00, -1.000000000000000000e+00
3.406350135803222656e+00, 3.614592313766479492e+00, 4.639999866485595703e+00, 2.390000104904174805e+00, 1.735979557037353516e+00, 7.597241997718811035e-01, 9.000000000000000000e+00, -1.000000000000000000e+00
3.410985469818115234e+00, 3.600326538085937500e+00, 4.639999866485595703e+00, 2.390000104904174805e+00, 1.725398540496826172e+00, 7.630451917648315430e-01, 9.000000000000000000e+00, -1.000000000000000000e+00
3.415620565414428711e+00, 3.586060523986816406e+00, 4.639999866485595703e+00, 2.390000104904174805e+00, 1.711329936981201172e+00, 7.697289586067199707e-01, 9.000000000000000000e+00, -1.000000000000000000e+00
3.420255899429321289e+00, 3.571794748306274414e+00, 4.639999866485595703e+00, 2.390000104904174805e+00, 1.697291970252990723e+00, 7.765233516693115234e-01, 9.000000000000000000e+00, -1.000000000000000000e+00
3.424891233444213867e+00, 3.557528972625732422e+00, 4.639999866485595703e+00, 2.390000104904174805e+00, 1.686897993087768555e+00, 7.866958975791931152e-01, 9.000000000000000000e+00, -1.000000000000000000e+00
3.429526329040527344e+00, 3.543263196945190430e+00, 4.639999866485595703e+00, 2.390000104904174805e+00, 1.672939062118530273e+00, 7.937313914299011230e-01, 9.000000000000000000e+00, -1.000000000000000000e+00
3.434656620025634766e+00, 3.529167652130126953e+00, 4.639999866485595703e+00, 2.390000104904174805e+00, 1.659013271331787109e+00, 7.453295588493347168e-01, 1.000000000000000000e+01, -1.000000000000000000e+00
3.440275907516479492e+00, 3.515259981155395508e+00, 4.639999866485595703e+00, 2.390000104904174805e+00, 1.644878387451171875e+00, 6.902114152908325195e-01, 1.000000000000000000e+01, -1.000000000000000000e+00
3.446376800537109375e+00, 3.501556634902954102e+00, 4.639999866485595703e+00, 2.390000104904174805e+00, 1.630988955497741699e+00, 6.419972777366638184e-01, 1.000000000000000000e+01, -1.000000000000000000e+00
3.452952384948730469e+00, 3.488074779510498047e+00, 4.639999866485595703e+00, 2.390000104904174805e+00, 1.617134809494018555e+00, 5.939091444015502930e-01, 1.000000000000000000e+01, -1.000000000000000000e+00
3.459994554519653320e+00, 3.474830627441406250e+00, 4.639999866485595703e+00, 2.390000104904174805e+00, 1.603316903114318848e+00, 5.459498763084411621e-01, 1.000000000000000000e+01, -1.000000000000000000e+00
3.467494487762451172e+00, 3.461840152740478516e+00, 4.639999866485595703e+00, 2.390000104904174805e+00, 1.589190006256103516e+00, 4.910501837730407715e-01, 1.000000000000000000e+01, -1.000000000000000000e+00
3.475443363189697266e+00, 3.449119567871093750e+00, 4.639999866485595703e+00, 2.390000104904174805e+00, 1.571702957153320312e+00, 4.399072229862213135e-01, 1.000000000000000000e+01, -1.000000000000000000e+00
3.483831167221069336e+00, 3.436683893203735352e+00, 4.639999866485595703e+00, 2.390000104904174805e+00, 1.561289548873901367e+00, 3.884863853454589844e-01, 1.000000000000000000e+01, -1.000000000000000000e+00
3.492647886276245117e+00, 3.424548625946044922e+00, 4.639999866485595703e+00, 2.390000104904174805e+00, 1.543826460838317871e+00, 3.375199139118194580e-01, 1.000000000000000000e+01, -1.000000000000000000e+00
3.501882791519165039e+00, 3.412728548049926758e+00, 4.639999866485595703e+00, 2.390000104904174805e+00, 1.529705882072448730e+00, 2.827730476856231689e-01, 1.000000000000000000e+01, -1.000000000000000000e+00
3.511524677276611328e+00, 3.401237964630126953e+00, 4.639999866485595703e+00, 2.390000104904174805e+00, 1.515585660934448242e+00, 2.280412912368774414e-01, 1.000000000000000000e+01, -1.000000000000000000e+00
3.521561622619628906e+00, 3.390090703964233398e+00, 4.639999866485595703e+00, 2.390000104904174805e+00, 1.501465916633605957e+00, 1.733250021934509277e-01, 1.000000000000000000e+01, -1.000000000000000000e+00
3.531981468200683594e+00, 3.379300594329833984e+00, 4.639999866485595703e+00, 2.390000104904174805e+00, 1.484023213386535645e+00, 1.226265132427215576e-01, 1.000000000000000000e+01, -1.000000000000000000e+00
3.542771577835083008e+00, 3.368880748748779297e+00, 4.639999866485595703e+00, 2.390000104904174805e+00, 1.469906449317932129e+00, 6.798297166824340820e-02, 1.000000000000000000e+01, -1.000000000000000000e+00
3.553561687469482422e+00, 3.358460903167724609e+00, 4.639999866485595703e+00, 2.390000104904174805e+00, 1.455790162086486816e+00, 6.891266256570816040e-02, 9.000000000000000000e+00, -1.000000000000000000e+00
3.564351797103881836e+00, 3.348041057586669922e+00, 4.639999866485595703e+00, 2.390000104904174805e+00, 1.441674351692199707e+00, 6.986057013273239136e-02, 9.000000000000000000e+00, -1.000000000000000000e+00
3.575141906738281250e+00, 3.337621212005615234e+00, 4.639999866485595703e+00, 2.390000104904174805e+00, 1.423815250396728516e+00, 6.712745130062103271e-02, 9.000000000000000000e+00, -1.000000000000000000e+00
3.585932016372680664e+00, 3.327201128005981445e+00, 4.639999866485595703e+00, 2.390000104904174805e+00, 1.409698605537414551e+00, 6.807897984981536865e-02, 9.000000000000000000e+00, -1.000000000000000000e+00
3.596722126007080078e+00, 3.316781282424926758e+00, 4.639999866485595703e+00, 2.390000104904174805e+00, 1.395582318305969238e+00, 6.904975324869155884e-02, 9.000000000000000000e+00, -1.000000000000000000e+00
3.607512235641479492e+00, 3.306361436843872070e+00, 4.639999866485595703e+00, 2.390000104904174805e+00, 1.381466627120971680e+00, 7.004037499427795410e-02, 9.000000000000000000e+00, -1.000000000000000000e+00
3.618302345275878906e+00, 3.295941591262817383e+00, 4.639999866485595703e+00, 2.390000104904174805e+00, 1.367351412773132324e+00, 7.105144113302230835e-02, 9.000000000000000000e+00, -1.000000000000000000e+00
3.629092454910278320e+00, 3.285521745681762695e+00, 4.639999866485595703e+00, 2.390000104904174805e+00, 1.353236913681030273e+00, 7.208359986543655396e-02, 9.000000000000000000e+00, -1.000000000000000000e+00
3.639882564544677734e+00, 3.275101900100708008e+00, 4.639999866485595703e+00, 2.390000104904174805e+00, 1.339122891426086426e+00, 7.313752174377441406e-02, 9.000000000000000000e+00, -1.000000000000000000e+00
3.650672674179077148e+00, 3.264682054519653320e+00, 4.639999866485595703e+00, 2.390000104904174805e+00, 1.317952990531921387e+00, 7.476072013378143311e-02, 9.000000000000000000e+00, -1.000000000000000000e+00
3.661462783813476562e+00, 3.254262208938598633e+00, 4.639999866485595703e+00, 2.390000104904174805e+00, 1.303840517997741699e+00, 7.587213814258575439e-02, 9.000000000000000000e+00, -1.000000000000000000e+00
3.672252655029296875e+00, 3.243842124938964844e+00, 4.639999866485595703e+00, 2.390000104904174805e+00, 1.289728641510009766e+00, 7.700787484645843506e-02, 9.000000000000000000e+00, -1.000000000000000000e+00
3.683042764663696289e+00, 3.233422279357910156e+00, 4.639999866485595703e+00, 2.390000104904174805e+00, 1.275617480278015137e+00, 7.816874235868453979e-02, 9.000000000000000000e+00, -1.000000000000000000e+00
3.693832874298095703e+00, 3.223002433776855469e+00, 4.639999866485595703e+00, 2.390000104904174805e+00, 1.261507034301757812e+00, 7.935558259487152100e-02, 9.000000000000000000e+00, -1.000000000000000000e+00
3.704622983932495117e+00, 3.212582588195800781e+00, 4.639999866485595703e+00, 2.390000104904174805e+00, 1.247397303581237793e+00, 8.056926727294921875e-02, 9.000000000000000000e+00, -1.000000000000000000e+00
3.715413093566894531e+00, 3.202162742614746094e+00, 4.639999866485595703e+00, 2.390000104904174805e+00, 1.229522228240966797e+00, 7.755988836288452148e-02, 9.000000000000000000e+00, -1.000000000000000000e+00
3.726203203201293945e+00, 3.191742897033691406e+00, 4.639999866485595703e+00, 2.390000104904174805e+00, 1.215411424636840820e+00, 7.878466695547103882e-02, 9.000000000000000000e+00, -1.000000000000000000e+00
3.736993312835693359e+00, 3.181323051452636719e+00, 4.639999866485595703e+00, 2.390000104904174805e+00, 1.201301336288452148e+00, 8.003821969032287598e-02, 9.000000000000000000e+00, -1.000000000000000000e+00
3.747783422470092773e+00, 3.170903205871582031e+00, 4.639999866485595703e+00, 2.390000104904174805e+00, 1.187192082405090332e+00, 8.132157474756240845e-02, 9.000000000000000000e+00, -1.000000000000000000e+00
3.758573532104492188e+00, 3.160483121871948242e+00, 4.639999866485595703e+00, 2.390000104904174805e+00, 1.173083543777465820e+00, 8.263579010963439941e-02, 9.000000000000000000e+00, -1.000000000000000000e+00
3.769363641738891602e+00, 3.150063276290893555e+00, 4.639999866485595703e+00, 2.390000104904174805e+00, 1.158975839614868164e+00, 8.398200571537017822e-02, 9.000000000000000000e+00, -1.000000000000000000e+00
3.780153751373291016e+00, 3.139643430709838867e+00, 4.639999866485595703e+00, 2.390000104904174805e+00, 1.137815833091735840e+00, 8.606392145156860352e-02, 9.000000000000000000e+00, -1.000000000000000000e+00
3.790943861007690430e+00, 3.129223585128784180e+00, 4.639999866485595703e+00, 2.390000104904174805e+00, 1.123710393905639648e+00, 8.749542385339736938e-02, 9.000000000000000000e+00, -1.000000000000000000e+00
3.801733970642089844e+00, 3.118803739547729492e+00, 4.639999866485595703e+00, 2.390000104904174805e+00, 1.109605789184570312e+00, 8.896332234144210815e-02, 9.000000000000000000e+00, -1.000000000000000000e+00
3.812524080276489258e+00, 3.108383893966674805e+00, 4.639999866485595703e+00, 2.390000104904174805e+00, 1.095502138137817383e+00, 9.046901017427444458e-02, 9.000000000000000000e+00, -1.000000000000000000e+00
3.823314189910888672e+00, 3.097964048385620117e+00, 4.639999866485595703e+00, 2.390000104904174805e+00, 1.081399559974670410e+00, 9.201397746801376343e-02, 9.000000000000000000e+00, -1.000000000000000000e+00
3.834104299545288086e+00, 3.087544202804565430e+00, 4.639999866485595703e+00, 2.390000104904174805e+00, 1.067297935485839844e+00, 9.359976649284362793e-02, 9.000000000000000000e+00, -1.000000000000000000e+00
3.844894409179687500e+00, 3.077124118804931641e+00, 4.639999866485595703e+00, 2.390000104904174805e+00, 1.053197503089904785e+00, 9.522802382707595825e-02, 9.000000000000000000e+00, -1.000000000000000000e+00
3.855684518814086914e+00, 3.066704273223876953e+00, 4.639999866485595703e+00, 2.390000104904174805e+00, 1.035301923751831055e+00, 9.190735965967178345e-02, 9.000000000000000000e+00, -1.000000000000000000e+00
3.866474628448486328e+00, 3.056284427642822266e+00, 4.639999866485595703e+00, 2.390000104904174805e+00, 1.021200299263000488e+00, 9.356325864791870117e-02, 9.000000000000000000e+00, -1.000000000000000000e+00
3.877264499664306641e+00, 3.045864582061767578e+00, 4.639999866485595703e+00, 2.390000104904174805e+00, 1.007099747657775879e+00, 9.526553750038146973e-02, 9.000000000000000000e+00, -1.000000000000000000e+00
3.888054609298706055e+00, 3.035444736480712891e+00, 4.639999866485595703e+00, 2.390000104904174805e+00, 9.930005073547363281e-01, 9.701615571975708008e-02, 9.000000000000000000e+00, -1.000000000000000000e+00
3.898844718933105469e+00, 3.025024890899658203e+00, 4.639999866485595703e+00, 2.390000104904174805e+00, 9.789024591445922852e-01, 9.881719201803207397e-02, 9.000000000000000000e+00, -1.000000000000000000e+00
3.909634828567504883e+00, 3.014605045318603516e+00, 4.639999866485595703e+00, 2.390000104904174805e+00, 9.615742564201354980e-01, 1.069754436612129211e-01, 9.000000000000000000e+00, -1.000000000000000000e+00
3.920424938201904297e+00, 3.004185199737548828e+00, 4.639999866485595703e+00, 2.390000104904174805e+00, 9.436630606651306152e-01, 1.035552173852920532e-01, 9.000000000000000000e+00, -1.000000000000000000e+00
3.931215047836303711e+00, 2.993765115737915039e+00, 4.639999866485595703e+00, 2.390000104904174805e+00, 9.295697808265686035e-01, 1.055510044097900391e-01, 9.000000000000000000e+00, -1.000000000000000000e+00
3.942005157470703125e+00, 2.983345270156860352e+00, 4.639999866485595703e+00, 2.390000104904174805e+00, 9.154779911041259766e-01, 1.076082363724708557e-01, 9.000000000000000000e+00, -1.000000000000000000e+00
3.952795267105102539e+00, 2.972925424575805664e+00, 4.639999866485595703e+00, 2.390000104904174805e+00, 9.013878107070922852e-01, 1.097297817468643188e-01, 9.000000000000000000e+00, -1.000000000000000000e+00
3.963585376739501953e+00, 2.962505578994750977e+00, 4.639999866485595703e+00, 2.390000104904174805e+00, 8.872992992401123047e-01, 1.119187101721763611e-01, 9.000000000000000000e+00, -1.000000000000000000e+00
3.974375486373901367e+00, 2.952085733413696289e+00, 4.639999866485595703e+00, 2.390000104904174805e+00, 8.732124567031860352e-01, 1.141782626509666443e-01, 9.000000000000000000e+00, -1.000000000000000000e+00
3.985165596008300781e+00, 2.941665887832641602e+00, 4.639999866485595703e+00, 2.390000104904174805e+00, 8.552923202514648438e-01, 1.105555444955825806e-01, 9.000000000000000000e+00, -1.000000000000000000e+00
3.995955705642700195e+00, 2.931246042251586914e+00, 4.639999866485595703e+00, 2.390000104904174805e+00, 8.412044644355773926e-01, 1.128782480955123901e-01, 9.000000000000000000e+00, -1.000000000000000000e+00
4.006745815277099609e+00, 2.920826196670532227e+00, 4.639999866485595703e+00, 2.390000104904174805e+00, 8.271185159683227539e-01, 1.152800619602203369e-01, 9.000000000000000000e+00, -1.000000000000000000e+00
4.017535686492919922e+00, 2.910406112670898438e+00, 4.639999866485595703e+00, 2.390000104904174805e+00, 8.130344152450561523e-01, 1.177650988101959229e-01, 9.000000000000000000e+00, -1.000000000000000000e+00
4.028326034545898438e+00, 2.899986267089843750e+00, 4.639999866485595703e+00, 2.390000104904174805e+00, 7.957700490951538086e-01, 1.280353963375091553e-01, 9.000000000000000000e+00, -1.000000000000000000e+00
4.039115905761718750e+00, 2.889566421508789062e+00, 4.639999866485595703e+00, 2.390000104904174805e+00, 7.816968560218811035e-01, 1.308498084545135498e-01, 9.000000000000000000e+00, -1.000000000000000000e+00
4.049906253814697266e+00, 2.879146575927734375e+00, 4.639999866485595703e+00, 2.390000104904174805e+00, 7.676262259483337402e-01, 1.337673962116241455e-01, 9.000000000000000000e+00, -1.000000000000000000e+00
4.060696125030517578e+00, 2.868726730346679688e+00, 4.639999866485595703e+00, 2.390000104904174805e+00, 7.496832609176635742e-01, 1.301029473543167114e-01, 9.000000000000000000e+00, -1.000000000000000000e+00
4.071486473083496094e+00, 2.858306884765625000e+00, 4.639999866485595703e+00, 2.390000104904174805e+00, 7.356119751930236816e-01, 1.331332325935363770e-01, 9.000000000000000000e+00, -1.000000000000000000e+00
4.082276344299316406e+00, 2.847887039184570312e+00, 4.639999866485595703e+00, 2.390000104904174805e+00, 7.215434908866882324e-01, 1.362816989421844482e-01, 9.000000000000000000e+00, -1.000000000000000000e+00
4.093066692352294922e+00, 2.837467193603515625e+00, 4.639999866485595703e+00, 2.390000104904174805e+00, 7.074779272079467773e-01, 1.395553648471832275e-01, 9.000000000000000000e+00, -1.000000000000000000e+00
4.103856563568115234e+00, 2.827047109603881836e+00, 4.639999866485595703e+00, 2.390000104904174805e+00, 6.934154629707336426e-01, 1.429618299007415771e-01, 9.000000000000000000e+00, -1.000000000000000000e+00
4.114646911621093750e+00, 2.816627264022827148e+00, 4.639999866485595703e+00, 2.390000104904174805e+00, 6.793563365936279297e-01, 1.465092897415161133e-01, 9.000000000000000000e+00, -1.000000000000000000e+00
4.125436782836914062e+00, 2.806207418441772461e+00, 4.639999866485595703e+00, 2.390000104904174805e+00, 6.614000201225280762e-01, 1.427015513181686401e-01, 9.000000000000000000e+00, -1.000000000000000000e+00
4.136227130889892578e+00, 2.795787572860717773e+00, 4.639999866485595703e+00, 2.390000104904174805e+00, 6.473407149314880371e-01, 1.464188247919082642e-01, 9.000000000000000000e+00, -1.000000000000000000e+00
