3.359999895095825195e+00, 4.625000000000000000e+00, 3.359999895095825195e+00, 3.490000009536743164e+00, 1.134999990463256836e+00, 0.000000000000000000e+00, 9.000000000000000000e+00, -1.000000000000000000e+00
3.359999895095825195e+00, 4.610000133514404297e+00, 3.359999895095825195e+00, 3.484999895095825195e+00, 1.125000000000000000e+00, 0.000000000000000000e+00, 9.000000000000000000e+00, -1.000000000000000000e+00
3.359999895095825195e+00, 4.594999790191650391e+00, 3.359999895095825195e+00, 3.480000019073486328e+00, 1.115000009536743164e+00, 0.000000000000000000e+00, 9.000000000000000000e+00, -1.000000000000000000e+00
3.359999895095825195e+00, 4.579999923706054688e+00, 3.359999895095825195e+00, 3.474999904632568359e+00, 1.105000019073486328e+00, 0.000000000000000000e+00, 9.000000000000000000e+00, -1.000000000000000000e+00
3.359999895095825195e+00, 4.565000057220458984e+00, 3.359999895095825195e+00, 3.470000028610229492e+00, 1.095000028610229492e+00, 0.000000000000000000e+00, 9.000000000000000000e+00, -1.000000000000000000e+00
3.359999895095825195e+00, 4.550000190734863281e+00, 3.359999895095825195e+00, 3.464999914169311523e+00, 1.085000038146972656e+00, 0.000000000000000000e+00, 9.000000000000000000e+00, -1.000000000000000000e+00
3.359999895095825195e+00, 4.534999847412109375e+00, 3.359999895095825195e+00, 3.460000038146972656e+00, 1.075000047683715820e+00, 0.000000000000000000e+00, 9.000000000000000000e+00, -1.000000000000000000e+00
3.359999895095825195e+00, 4.519999980926513672e+00, 3.359999895095825195e+00, 3.454999923706054688e+00, 1.065000057220458984e+00, 0.000000000000000000e+00, 9.000000000000000000e+00, -1.000000000000000000e+00
3.359999895095825195e+00, 4.505000114440917969e+00, 3.359999895095825195e+00, 3.450000047683715820e+00, 1.054999947547912598e+00, 0.000000000000000000e+00, 9.000000000000000000e+00, -1.000000000000000000e+00
3.359999895095825195e+00, 4.489999771118164062e+00, 3.359999895095825195e+00, 3.444999933242797852e+00, 1.044999957084655762e+00, 0.000000000000000000e+00, 9.000000000000000000e+00, -1.000000000000000000e+00
3.359999895095825195e+00, 4.474999904632568359e+00, 3.359999895095825195e+00, 3.440000057220458984e+00, 1.034999966621398926e+00, 0.000000000000000000e+00, 9.000000000000000000e+00, -1.000000000000000000e+00
3.359999895095825195e+00, 4.460000038146972656e+00, 3.359999895095825195e+00, 3.390000104904174805e+00, 1.070000052452087402e+00, 0.000000000000000000e+00, 9.000000000000000000e+00, -1.000000000000000000e+00
3.359999895095825195e+00, 4.445000171661376953e+00, 3.359999895095825195e+00, 3.384999990463256836e+00, 1.059999942779541016e+00, 0.000000000000000000e+00, 9.000000000000000000e+00, -1.000000000000000000e+00
3.359999895095825195e+00, 4.429999828338623047e+00, 3.359999895095825195e+00, 3.380000114440917969e+00, 1.049999952316284180e+00, 0.000000000000000000e+00, 9.000000000000000000e+00, -1.000000000000000000e+00
3.359999895095825195e+00, 4.414999961853027344e+00, 3.359999895095825195e+00, 3.375000000000000000e+00, 1.039999961853027344e+00, 0.000000000000000000e+00, 9.000000000000000000e+00, -1.000000000000000000e+00
3.359999895095825195e+00, 4.400000095367431641e+00, 3.359999895095825195e+00, 3.369999885559082031e+00, 1.029999971389770508e+00, 0.000000000000000000e+00, 9.000000000000000000e+00, -1.000000000000000000e+00
3.359999895095825195e+00, 4.385000228881835938e+00, 3.359999895095825195e+00, 3.365000009536743164e+00, 1.019999980926513672e+00, 0.000000000000000000e+00, 9.000000000000000000e+00, -1.000000000000000000e+00
3.359999895095825195e+00, 4.369999885559082031e+00, 3.359999895095825195e+00, 3.359999895095825195e+00, 1.009999990463256836e+00, 0.000000000000000000e+00, 9.000000000000000000e+00, -1.000000000000000000e+00
3.359999895095825195e+00, 4.355000019073486328e+00, 3.359999895095825195e+00, 3.355000019073486328e+00, 1.000000000000000000e+00, 0.000000000000000000e+00, 9.000000000000000000e+00, -1.000000000000000000e+00
3.359999895095825195e+00, 4.340000152587890625e+00, 3.359999895095825195e+00, 3.299999952316284180e+00, 1.039999961853027344e+00, 0.000000000000000000e+00, 9.000000000000000000e+00, -1.000000000000000000e+00
3.359999895095825195e+00, 4.324999809265136719e+00, 3.359999895095825195e+00, 3.295000076293945312e+00, 1.029999971389770508e+00, 0.000000000000000000e+00, 9.000000000000000000e+00, -1.000000000000000000e+00
3.359999895095825195e+00, 4.309999942779541016e+00, 3.359999895095825195e+00, 3.289999961853027344e+00, 1.019999980926513672e+00, 0.000000000000000000e+00, 9.000000000000000000e+00, -1.000000000000000000e+00
3.359999895095825195e+00, 4.295000076293945312e+00, 3.359999895095825195e+00, 3.285000085830688477e+00, 1.009999990463256836e+00, 0.000000000000000000e+00, 9.000000000000000000e+00, -1.000000000000000000e+00
3.359999895095825195e+00, 4.280000209808349609e+00, 3.359999895095825195e+00, 3.279999971389770508e+00, 1.000000000000000000e+00, 0.000000000000000000e+00, 9.000000000000000000e+00, -1.000000000000000000e+00
3.359999895095825195e+00, 4.264999866485595703e+00, 3.359999895095825195e+00, 3.275000095367431641e+00, 9.900000095367431641e-01, 0.000000000000000000e+00, 9.000000000000000000e+00, -1.000000000000000000e+00
3.359999895095825195e+00, 4.250000000000000000e+00, 3.359999895095825195e+00, 3.269999980926513672e+00, 9.800000190734863281e-01, 0.000000000000000000e+00, 9.000000000000000000e+00, -1.000000000000000000e+00
3.359999895095825195e+00, 4.235000133514404297e+00, 3.359999895095825195e+00, 3.265000104904174805e+00, 9.700000286102294922e-01, 0.000000000000000000e+00, 9.000000000000000000e+00, -1.000000000000000000e+00
3.359999895095825195e+00, 4.219999790191650391e+00, 3.359999895095825195e+00, 3.259999990463256836e+00, 9.599999785423278809e-01, 0.000000000000000000e+00, 9.000000000000000000e+00, -1.000000000000000000e+00
3.359999895095825195e+00, 4.204999923706054688e+00, 3.359999895095825195e+00, 3.214999914169311523e+00, 9.900000095367431641e-01, 0.000000000000000000e+00, 9.000000000000000000e+00, -1.000000000000000000e+00
3.359999895095825195e+00, 4.190000057220458984e+00, 3.359999895095825195e+00, 3.210000038146972656e+00, 9.800000190734863281e-01, 0.000000000000000000e+00, 9.000000000000000000e+00, -1.000000000000000000e+00
3.359999895095825195e+00, 4.175000190734863281e+00, 3.359999895095825195e+00, 3.204999923706054688e+00, 9.700000286102294922e-01, 0.000000000000000000e+00, 9.000000000000000000e+00, -1.000000000000000000e+00
3.359999895095825195e+00, 4.159999847412109375e+00, 3.359999895095825195e+00, 3.200000047683715820e+00, 9.599999785423278809e-01, 0.000000000000000000e+00, 9.000000000000000000e+00, -1.000000000000000000e+00
3.359999895095825195e+00, 4.144999980926513672e+00, 3.359999895095825195e+00, 3.194999933242797852e+00, 9.499999880790710449e-01, 0.000000000000000000e+00, 9.000000000000000000e+00, -1.000000000000000000e+00
3.359999895095825195e+00, 4.130000114440917969e+00, 3.359999895095825195e+00, 3.190000057220458984e+00, 9.399999976158142090e-01, 0.000000000000000000e+00, 9.000000000000000000e+00, -1.000000000000000000e+00
3.359999895095825195e+00, 4.114999771118164062e+00, 3.359999895095825195e+00, 3.184999942779541016e+00, 9.300000071525573730e-01, 0.000000000000000000e+00, 9.000000000000000000e+00, -1.000000000000000000e+00
3.359999895095825195e+00, 4.099999904632568359e+00, 3.359999895095825195e+00, 3.134999990463256836e+00, 9.649999737739562988e-01, 0.000000000000000000e+00, 9.000000000000000000e+00, -1.000000000000000000e+00
3.359999895095825195e+00, 4.085000038146972656e+00, 3.359999895095825195e+00, 3.130000114440917969e+00, 9.549999833106994629e-01, 0.000000000000000000e+00, 9.000000000000000000e+00, -1.000000000000000000e+00
3.359999895095825195e+00, 4.070000171661376953e+00, 3.359999895095825195e+00, 3.125000000000000000e+00, 9.449999928474426270e-01, 0.000000000000000000e+00, 9.000000000000000000e+00, -1.000000000000000000e+00
3.359999895095825195e+00, 4.054999828338623047e+00, 3.359999895095825195e+00, 3.119999885559082031e+00, 9.350000023841857910e-01, 0.000000000000000000e+00, 9.000000000000000000e+00, -1.000000000000000000e+00
3.359999895095825195e+00, 4.039999961853027344e+00, 3.359999895095825195e+00, 3.115000009536743164e+00, 9.250000119209289551e-01, 0.000000000000000000e+00, 9.000000000000000000e+00, -1.000000000000000000e+00
3.359999895095825195e+00, 4.025000095367431641e+00, 3.359999895095825195e+00, 3.109999895095825195e+00, 9.150000214576721191e-01, 0.000000000000000000e+00, 9.000000000000000000e+00, -1.000000000000000000e+00
3.359999895095825195e+00, 4.010000228881835938e+00, 3.359999895095825195e+00, 3.105000019073486328e+00, 9.049999713897705078e-01, 0.000000000000000000e+00, 9.000000000000000000e+00, -1.000000000000000000e+00
3.359999895095825195e+00, 3.994999885559082031e+00, 3.359999895095825195e+00, 3.099999904632568359e+00, 8.949999809265136719e-01, 0.000000000000000000e+00, 9.000000000000000000e+00, -1.000000000000000000e+00
3.359999895095825195e+00, 3.980000019073486328e+00, 3.359999895095825195e+00, 3.095000028610229492e+00, 8.849999904632568359e-01, 0.000000000000000000e+00, 9.000000000000000000e+00, -1.000000000000000000e+00
3.359999895095825195e+00, 3.964999914169311523e+00, 3.359999895095825195e+00, 3.089999914169311523e+00, 8.750000000000000000e-01, 0.000000000000000000e+00, 9.000000000000000000e+00, -1.000000000000000000e+00
3.359999895095825195e+00, 3.950000047683715820e+00, 3.359999895095825195e+00, 3.059999942779541016e+00, 8.899999856948852539e-01, 0.000000000000000000e+00, 9.000000000000000000e+00, -1.000000000000000000e+00
3.359999895095825195e+00, 3.934999942779541016e+00, 3.359999895095825195e+00, 3.055000066757202148e+00, 8.799999952316284180e-01, 0.000000000000000000e+00, 9.000000000000000000e+00, -1.000000000000000000e+00
3.359999895095825195e+00, 3.920000076293945312e+00, 3.359999895095825195e+00, 3.049999952316284180e+00, 8.700000047683715820e-01, 0.000000000000000000e+00, 9.000000000000000000e+00, -1.000000000000000000e+00
3.359999895095825195e+00, 3.904999971389770508e+00, 3.359999895095825195e+00, 3.045000076293945312e+00, 8.600000143051147461e-01, 0.000000000000000000e+00, 9.000000000000000000e+00, -1.000000000000000000e+00
3.359999895095825195e+00, 3.890000104904174805e+00, 3.359999895095825195e+00, 3.039999961853027344e+00, 8.500000238418579102e-01, 0.000000000000000000e+00, 9.000000000000000000e+00, -1.000000000000000000e+00
3.359999895095825195e+00, 3.875000000000000000e+00, 3.359999895095825195e+00, 3.035000085830688477e+00, 8.399999737739562988e-01, 0.000000000000000000e+00, 9.000000000000000000e+00, -1.000000000000000000e+00
3.359999895095825195e+00, 3.859999895095825195e+00, 3.359999895095825195e+00, 3.029999971389770508e+00, 8.299999833106994629e-01, 0.000000000000000000e+00, 9.000000000000000000e+00, -1.000000000000000000e+00
3.359999895095825195e+00, 3.845000028610229492e+00, 3.359999895095825195e+00, 2.990000009536743164e+00, 8.550000190734863281e-01, 0.000000000000000000e+00, 9.000000000000000000e+00, -1.000000000000000000e+00
3.359999895095825195e+00, 3.829999923706054688e+00, 3.359999895095825195e+00, 2.984999895095825195e+00, 8.450000286102294922e-01, 0.000000000000000000e+00, 9.000000000000000000e+00, -1.000000000000000000e+00
3.359999895095825195e+00, 3.815000057220458984e+00, 3.359999895095825195e+00, 2.980000019073486328e+00, 8.349999785423278809e-01, 0.000000000000000000e+00, 9.000000000000000000e+00, -1.000000000000000000e+00
3.359999895095825195e+00, 3.799999952316284180e+00, 3.359999895095825195e+00, 2.974999904632568359e+00, 8.249999880790710449e-01, 0.000000000000000000e+00, 9.000000000000000000e+00, -1.000000000000000000e+00
3.359999895095825195e+00, 3.785000085830688477e+00, 3.359999895095825195e+00, 2.970000028610229492e+00, 8.149999976158142090e-01, 0.000000000000000000e+00, 9.000000000000000000e+00, -1.000000000000000000e+00
3.359999895095825195e+00, 3.769999980926513672e+00, 3.359999895095825195e+00, 2.964999914169311523e+00, 8.050000071525573730e-01, 0.000000000000000000e+00, 9.000000000000000000e+00, -1.000000000000000000e+00
3.359999895095825195e+00, 3.755000114440917969e+00, 3.359999895095825195e+00, 2.960000038146972656e+00, 7.950000166893005371e-01, 0.000000000000000000e+00, 9.000000000000000000e+00, -1.000000000000000000e+00
3.359999895095825195e+00, 3.740000009536743164e+00, 3.359999895095825195e+00, 2.880000114440917969e+00, 8.600000143051147461e-01, 0.000000000000000000e+00, 9.000000000000000000e+00, -1.000000000000000000e+00
3.359999895095825195e+00, 3.724999904632568359e+00, 3.359999895095825195e+00, 2.875000000000000000e+00, 8.500000238418579102e-01, 0.000000000000000000e+00, 9.000000000000000000e+00, -1.000000000000000000e+00
3.359999895095825195e+00, 3.710000038146972656e+00, 3.359999895095825195e+00, 2.869999885559082031e+00, 8.399999737739562988e-01, 0.000000000000000000e+00, 9.000000000000000000e+00, -1.000000000000000000e+00
3.359999895095825195e+00, 3.694999933242797852e+00, 3.359999895095825195e+00, 2.865000009536743164e+00, 8.299999833106994629e-01, 0.000000000000000000e+00, 9.000000000000000000e+00, -1.000000000000000000e+00
3.359999895095825195e+00, 3.680000066757202148e+00, 3.359999895095825195e+00, 2.859999895095825195e+00, 8.199999928474426270e-01, 0.000000000000000000e+00, 9.000000000000000000e+00, -1.000000000000000000e+00
3.359999895095825195e+00, 3.664999961853027344e+00, 3.359999895095825195e+00, 2.855000019073486328e+00, 8.100000023841857910e-01, 0.000000000000000000e+00, 9.000000000000000000e+00, -1.000000000000000000e+00
3.359999895095825195e+00, 3.650000095367431641e+00, 3.359999895095825195e+00, 2.849999904632568359e+00, 8.000000119209289551e-01, 0.000000000000000000e+00, 9.000000000000000000e+00, -1.000000000000000000e+00
3.359999895095825195e+00, 3.634999990463256836e+00, 3.359999895095825195e+00, 2.789999961853027344e+00, 8.450000286102294922e-01, 0.000000000000000000e+00, 9.000000000000000000e+00, -1.000000000000000000e+00
3.359999895095825195e+00, 3.619999885559082031e+00, 3.359999895095825195e+00, 2.785000085830688477e+00, 8.349999785423278809e-01, 0.000000000000000000e+00, 9.000000000000000000e+00, -1.000000000000000000e+00
3.359999895095825195e+00, 3.605000019073486328e+00, 3.359999895095825195e+00, 2.779999971389770508e+00, 8.249999880790710449e-01, 0.000000000000000000e+00, 9.000000000000000000e+00, -1.000000000000000000e+00
3.359999895095825195e+00, 3.589999914169311523e+00, 3.359999895095825195e+00, 2.775000095367431641e+00, 8.149999976158142090e-01, 0.000000000000000000e+00, 9.000000000000000000e+00, -1.000000000000000000e+00
3.359999895095825195e+00, 3.575000047683715820e+00, 3.359999895095825195e+00, 2.769999980926513672e+00, 8.050000071525573730e-01, 0.000000000000000000e+00, 9.000000000000000000e+00, -1.000000000000000000e+00
3.359999895095825195e+00, 3.559999942779541016e+00, 3.359999895095825195e+00, 2.765000104904174805e+00, 7.950000166893005371e-01, 0.000000000000000000e+00, 9.000000000000000000e+00, -1.000000000000000000e+00
3.359999895095825195e+00, 3.545000076293945312e+00, 3.359999895095825195e+00, 2.759999990463256836e+00, 7.850000262260437012e-01, 0.000000000000000000e+00, 9.000000000000000000e+00, -1.000000000000000000e+00
3.359999895095825195e+00, 3.529999971389770508e+00, 3.359999895095825195e+00, 2.755000114440917969e+00, 7.749999761581420898e-01, 0.000000000000000000e+00, 9.000000000000000000e+00, -1.000000000000000000e+00
3.359999895095825195e+00, 3.515000104904174805e+00, 3.359999895095825195e+00, 2.674999952316284180e+00, 8.399999737739562988e-01, 0.000000000000000000e+00, 9.000000000000000000e+00, -1.000000000000000000e+00
3.359999895095825195e+00, 3.500000000000000000e+00, 3.359999895095825195e+00, 2.670000076293945312e+00, 8.299999833106994629e-01, 0.000000000000000000e+00, 9.000000000000000000e+00, -1.000000000000000000e+00
3.359999895095825195e+00, 3.484999895095825195e+00, 3.359999895095825195e+00, 2.664999961853027344e+00, 8.199999928474426270e-01, 0.000000000000000000e+00, 9.000000000000000000e+00, -1.000000000000000000e+00
3.359999895095825195e+00, 3.470000028610229492e+00, 3.359999895095825195e+00, 2.660000085830688477e+00, 8.100000023841857910e-01, 0.000000000000000000e+00, 9.000000000000000000e+00, -1.000000000000000000e+00
3.359999895095825195e+00, 3.454999923706054688e+00, 3.359999895095825195e+00, 2.654999971389770508e+00, 8.000000119209289551e-01, 0.000000000000000000e+00, 9.000000000000000000e+00, -1.000000000000000000e+00
3.359999895095825195e+00, 3.440000057220458984e+00, 3.359999895095825195e+00, 2.650000095367431641e+00, 7.900000214576721191e-01, 0.000000000000000000e+00, 9.000000000000000000e+00, -1.000000000000000000e+00
3.359999895095825195e+00, 3.424999952316284180e+00, 3.359999895095825195e+00, 2.644999980926513672e+00, 7.799999713897705078e-01, 0.000000000000000000e+00, 9.000000000000000000e+00, -1.000000000000000000e+00
3.359999895095825195e+00, 3.410000085830688477e+00, 3.359999895095825195e+00, 2.640000104904174805e+00, 7.699999809265136719e-01, 0.000000000000000000e+00, 9.000000000000000000e+00, -1.000000000000000000e+00
3.359999895095825195e+00, 3.394999980926513672e+00, 3.359999895095825195e+00, 2.634999990463256836e+00, 7.599999904632568359e-01, 0.000000000000000000e+00, 9.000000000000000000e+00, -1.000000000000000000e+00
3.359999895095825195e+00, 3.380000114440917969e+00, 3.359999895095825195e+00, 2.630000114440917969e+00, 7.500000000000000000e-01, 0.000000000000000000e+00, 9.000000000000000000e+00, -1.000000000000000000e+00
3.359999895095825195e+00, 3.365000009536743164e+00, 3.359999895095825195e+00, 2.575000047683715820e+00, 7.900000214576721191e-01, 0.000000000000000000e+00, 9.000000000000000000e+00, -1.000000000000000000e+00
3.359999895095825195e+00, 3.349999904632568359e+00, 3.359999895095825195e+00, 2.569999933242797852e+00, 7.799999713897705078e-01, 0.000000000000000000e+00, 9.000000000000000000e+00, -1.000000000000000000e+00
3.359999895095825195e+00, 3.335000038146972656e+00, 3.359999895095825195e+00, 2.565000057220458984e+00, 7.699999809265136719e-01, 0.000000000000000000e+00, 9.000000000000000000e+00, -1.000000000000000000e+00
3.359999895095825195e+00, 3.319999933242797852e+00, 3.359999895095825195e+00, 2.559999942779541016e+00, 7.599999904632568359e-01, 0.000000000000000000e+00, 9.000000000000000000e+00, -1.000000000000000000e+00
3.359999895095825195e+00, 3.305000066757202148e+00, 3.359999895095825195e+00, 2.555000066757202148e+00, 7.500000000000000000e-01, 0.000000000000000000e+00, 9.000000000000000000e+00, -1.000000000000000000e+00
3.359999895095825195e+00, 3.289999961853027344e+00, 3.359999895095825195e+00, 2.549999952316284180e+00, 7.400000095367431641e-01, 0.000000000000000000e+00, 9.000000000000000000e+00, -1.000000000000000000e+00
3.359999895095825195e+00, 3.275000095367431641e+00, 3.359999895095825195e+00, 2.545000076293945312e+00, 7.300000190734863281e-01, 0.000000000000000000e+00, 9.000000000000000000e+00, -1.000000000000000000e+00
3.359999895095825195e+00, 3.259999990463256836e+00, 3.359999895095825195e+00, 2.474999904632568359e+00, 7.850000262260437012e-01, 0.000000000000000000e+00, 9.000000000000000000e+00, -1.000000000000000000e+00
3.359999895095825195e+00, 3.244999885559082031e+00, 3.359999895095825195e+00, 2.470000028610229492e+00, 7.749999761581420898e-01, 0.000000000000000000e+00, 9.000000000000000000e+00, -1.000000000000000000e+00
3.359999895095825195e+00, 3.230000019073486328e+00, 3.359999895095825195e+00, 2.464999914169311523e+00, 7.649999856948852539e-01, 0.000000000000000000e+00, 9.000000000000000000e+00, -1.000000000000000000e+00
3.359999895095825195e+00, 3.214999914169311523e+00, 3.359999895095825195e+00, 2.460000038146972656e+00, 7.549999952316284180e-01, 0.000000000000000000e+00, 9.000000000000000000e+00, -1.000000000000000000e+00
3.359999895095825195e+00, 3.200000047683715820e+00, 3.355000019073486328e+00, 2.460000038146972656e+00, 7.400168776512145996e-01, 9.989246368408203125e+00, 9.000000000000000000e+00, -1.000000000000000000e+00
3.359999895095825195e+00, 3.184999942779541016e+00, 3.349999904632568359e+00, 2.460000038146972656e+00, 7.250689864158630371e-01, 9.978049278259277344e+00, 9.000000000000000000e+00, -1.000000000000000000e+00
3.359999895095825195e+00, 3.170000076293945312e+00, 3.345000028610229492e+00, 2.460000038146972656e+00, 7.101584076881408691e-01, 9.966381072998046875e+00, 9.000000000000000000e+00, -1.000000000000000000e+00
3.359999895095825195e+00, 3.154999971389770508e+00, 3.339999914169311523e+00, 2.460000038146972656e+00, 6.952877044677734375e-01, 9.954212188720703125e+00, 9.000000000000000000e+00, -1.000000000000000000e+00
3.359999895095825195e+00, 3.140000104904174805e+00, 3.335000038146972656e+00, 2.460000038146972656e+00, 6.804593801498413086e-01, 9.941513061523437500e+00, 9.000000000000000000e+00, -1.000000000000000000e+00
3.359999895095825195e+00, 3.125000000000000000e+00, 3.329999923706054688e+00, 2.460000038146972656e+00, 6.656763553619384766e-01, 9.928249359130859375e+00, 9.000000000000000000e+00, -1.000000000000000000e+00
3.359999895095825195e+00, 3.109999895095825195e+00, 3.255000114440917969e+00, 2.460000038146972656e+00, 6.584261655807495117e-01, 9.745105743408203125e+00, 9.000000000000000000e+00, -1.000000000000000000e+00
3.359999895095825195e+00, 3.095000028610229492e+00, 3.250000000000000000e+00, 2.460000038146972656e+00, 6.444571614265441895e-01, 9.727007865905761719e+00, 9.000000000000000000e+00, -1.000000000000000000e+00
3.359999895095825195e+00, 3.079999923706054688e+00, 3.244999885559082031e+00, 2.460000038146972656e+00, 6.305751204490661621e-01, 9.708110809326171875e+00, 9.000000000000000000e+00, -1.000000000000000000e+00
3.359999895095825195e+00, 3.065000057220458984e+00, 3.240000009536743164e+00, 2.460000038146972656e+00, 6.167860031127929688e-01, 9.688365936279296875e+00, 9.000000000000000000e+00, -1.000000000000000000e+00
3.359999895095825195e+00, 3.049999952316284180e+00, 3.234999895095825195e+00, 2.460000038146972656e+00, 6.030961871147155762e-01, 9.667720794677734375e+00, 9.000000000000000000e+00, -1.000000000000000000e+00
3.359999895095825195e+00, 3.049999952316284180e+00, 3.089999914169311523e+00, 2.460000038146972656e+00, 6.488451361656188965e-01, 9.372496604919433594e+00, 2.000000000000000000e+00, -1.000000000000000000e+00
3.359999895095825195e+00, 3.049999952316284180e+00, 3.085000038146972656e+00, 2.460000038146972656e+00, 6.509416103363037109e-01, 9.416935920715332031e+00, 2.000000000000000000e+00, -1.000000000000000000e+00
3.359999895095825195e+00, 3.049999952316284180e+00, 3.079999923706054688e+00, 2.460000038146972656e+00, 6.530696749687194824e-01, 9.461446762084960938e+00, 2.000000000000000000e+00, -1.000000000000000000e+00
3.359999895095825195e+00, 3.049999952316284180e+00, 3.075000047683715820e+00, 2.460000038146972656e+00, 6.552289724349975586e-01, 9.506030082702636719e+00, 2.000000000000000000e+00, -1.000000000000000000e+00
3.359999895095825195e+00, 3.049999952316284180e+00, 3.069999933242797852e+00, 2.460000038146972656e+00, 6.574192047119140625e-01, 9.550686836242675781e+00, 2.000000000000000000e+00, -1.000000000000000000e+00
3.359999895095825195e+00, 3.049999952316284180e+00, 3.065000057220458984e+00, 2.460000038146972656e+00, 6.596400737762451172e-01, 9.595415115356445312e+00, 2.000000000000000000e+00, -1.000000000000000000e+00
3.359999895095825195e+00, 3.049999952316284180e+00, 3.059999942779541016e+00, 2.460000038146972656e+00, 6.618912220001220703e-01, 9.640216827392578125e+00, 2.000000000000000000e+00, -1.000000000000000000e+00
3.359999895095825195e+00, 3.049999952316284180e+00, 3.055000066757202148e+00, 2.460000038146972656e+00, 6.641724109649658203e-01, 9.685092926025390625e+00, 2.000000000000000000e+00, -1.000000000000000000e+00
3.359999895095825195e+00, 3.049999952316284180e+00, 3.049999952316284180e+00, 2.460000038146972656e+00, 6.664832830429077148e-01, 9.730041503906250000e+00, 2.000000000000000000e+00, -1.000000000000000000e+00
3.359999895095825195e+00, 3.049999952316284180e+00, 3.045000076293945312e+00, 2.460000038146972656e+00, 6.688235998153686523e-01, 9.775064468383789062e+00, 2.000000000000000000e+00, -1.000000000000000000e+00
3.359999895095825195e+00, 3.049999952316284180e+00, 3.039999961853027344e+00, 2.460000038146972656e+00, 6.711929440498352051e-01, 9.820160865783691406e+00, 2.000000000000000000e+00, -1.000000000000000000e+00
3.359999895095825195e+00, 3.049999952316284180e+00, 3.035000085830688477e+00, 2.460000038146972656e+00, 6.735911369323730469e-01, 9.865331649780273438e+00, 2.000000000000000000e+00, -1.000000000000000000e+00
3.359999895095825195e+00, 3.049999952316284180e+00, 3.029999971389770508e+00, 2.460000038146972656e+00, 6.760177612304687500e-01, 9.910576820373535156e+00, 2.000000000000000000e+00, -1.000000000000000000e+00
3.359999895095825195e+00, 3.049999952316284180e+00, 3.025000095367431641e+00, 2.460000038146972656e+00, 6.784725785255432129e-01, 9.955895423889160156e+00, 2.000000000000000000e+00, -1.000000000000000000e+00
3.359999895095825195e+00, 3.049999952316284180e+00, 3.019999980926513672e+00, 2.460000038146972656e+00, 6.809552311897277832e-01, 1.288661966100335121e-03, 2.000000000000000000e+00, -1.000000000000000000e+00
3.359999895095825195e+00, 3.049999952316284180e+00, 3.015000104904174805e+00, 2.460000038146972656e+00, 6.834654211997985840e-01, 4.675610363483428955e-02, 2.000000000000000000e+00, -1.000000000000000000e+00
3.359999895095825195e+00, 3.049999952316284180e+00, 3.009999990463256836e+00, 2.460000038146972656e+00, 6.860029101371765137e-01, 9.229777753353118896e-02, 2.000000000000000000e+00, -1.000000000000000000e+00
3.351612091064453125e+00, 3.037564516067504883e+00, 2.950000047683715820e+00, 2.460000038146972656e+00, 7.004463076591491699e-01, 9.977097511291503906e+00, 9.000000000000000000e+00, -1.000000000000000000e+00
3.343224287033081055e+00, 3.025128841400146484e+00, 2.944999933242797852e+00, 2.460000038146972656e+00, 6.893838047981262207e-01, 9.973389625549316406e+00, 9.000000000000000000e+00, -1.000000000000000000e+00
3.334836244583129883e+00, 3.012693405151367188e+00, 2.940000057220458984e+00, 2.460000038146972656e+00, 6.742402911186218262e-01, 9.962775230407714844e+00, 9.000000000000000000e+00, -1.000000000000000000e+00
3.326448440551757812e+00, 3.000257730484008789e+00, 2.934999942779541016e+00, 2.460000038146972656e+00, 6.661080718040466309e-01, 9.948953628540039062e+00, 9.000000000000000000e+00, -1.000000000000000000e+00
3.318060636520385742e+00, 2.987822294235229492e+00, 2.930000066757202148e+00, 2.460000038146972656e+00, 6.510376334190368652e-01, 9.937393188476562500e+00, 9.000000000000000000e+00, -1.000000000000000000e+00
3.309672594070434570e+00, 2.975386619567871094e+00, 2.924999952316284180e+00, 2.460000038146972656e+00, 6.400195360183715820e-01, 9.932714462280273438e+00, 9.000000000000000000e+00, -1.000000000000000000e+00
3.301284790039062500e+00, 2.962950944900512695e+00, 2.920000076293945312e+00, 2.460000038146972656e+00, 6.280127167701721191e-01, 9.910143852233886719e+00, 9.000000000000000000e+00, -1.000000000000000000e+00
3.301284790039062500e+00, 2.962950944900512695e+00, 2.855000019073486328e+00, 2.460000038146972656e+00, 6.693466901779174805e-01, 9.842525482177734375e+00, 2.000000000000000000e+00, -1.000000000000000000e+00
3.301284790039062500e+00, 2.962950944900512695e+00, 2.849999904632568359e+00, 2.460000038146972656e+00, 6.726812124252319336e-01, 9.889244079589843750e+00, 2.000000000000000000e+00, -1.000000000000000000e+00
3.301284790039062500e+00, 2.962950944900512695e+00, 2.845000028610229492e+00, 2.460000038146972656e+00, 6.760362386703491211e-01, 9.936050415039062500e+00, 2.000000000000000000e+00, -1.000000000000000000e+00
3.301284790039062500e+00, 2.962950944900512695e+00, 2.839999914169311523e+00, 2.460000038146972656e+00, 6.794115304946899414e-01, 9.982942581176757812e+00, 2.000000000000000000e+00, -1.000000000000000000e+00
3.301284790039062500e+00, 2.962950944900512695e+00, 2.835000038146972656e+00, 2.460000038146972656e+00, 6.828067302703857422e-01, 2.992152050137519836e-02, 2.000000000000000000e+00, -1.000000000000000000e+00
3.301284790039062500e+00, 2.962950944900512695e+00, 2.829999923706054688e+00, 2.460000038146972656e+00, 6.862215399742126465e-01, 7.698526978492736816e-02, 2.000000000000000000e+00, -1.000000000000000000e+00
3.301284790039062500e+00, 2.962950944900512695e+00, 2.825000047683715820e+00, 2.460000038146972656e+00, 6.896557211875915527e-01, 1.241333559155464172e-01, 2.000000000000000000e+00, -1.000000000000000000e+00
3.301284790039062500e+00, 2.962950944900512695e+00, 2.819999933242797852e+00, 2.460000038146972656e+00, 6.931089162826538086e-01, 1.713649779558181763e-01, 2.000000000000000000e+00, -1.000000000000000000e+00
3.301284790039062500e+00, 2.962950944900512695e+00, 2.815000057220458984e+00, 2.460000038146972656e+00, 6.965809464454650879e-01, 2.186793684959411621e-01, 2.000000000000000000e+00, -1.000000000000000000e+00
3.301284790039062500e+00, 2.962950944900512695e+00, 2.809999942779541016e+00, 2.460000038146972656e+00, 7.000714540481567383e-01, 2.660757005214691162e-01, 2.000000000000000000e+00, -1.000000000000000000e+00
3.289149522781372070e+00, 2.954134225845336914e+00, 2.799999952316284180e+00, 2.460000038146972656e+00, 6.894381642341613770e-01, 2.581617236137390137e-01, 9.000000000000000000e+00, -1.000000000000000000e+00
3.277014255523681641e+00, 2.945317506790161133e+00, 2.795000076293945312e+00, 2.460000038146972656e+00, 6.823672056198120117e-01, 2.582463026046752930e-01, 9.000000000000000000e+00, -1.000000000000000000e+00
3.264878988265991211e+00, 2.936500787734985352e+00, 2.789999961853027344e+00, 2.460000038146972656e+00, 6.682252883911132812e-01, 2.584208250045776367e-01, 9.000000000000000000e+00, -1.000000000000000000e+00
3.252743721008300781e+00, 2.927683830261230469e+00, 2.785000085830688477e+00, 2.460000038146972656e+00, 6.576092839241027832e-01, 2.500000000000000000e-01, 9.000000000000000000e+00, -1.000000000000000000e+00
3.240608453750610352e+00, 2.918867111206054688e+00, 2.779999971389770508e+00, 2.460000038146972656e+00, 6.470123529434204102e-01, 2.413031011819839478e-01, 9.000000000000000000e+00, -1.000000000000000000e+00
3.228473186492919922e+00, 2.910050392150878906e+00, 2.775000095367431641e+00, 2.460000038146972656e+00, 6.363961100578308105e-01, 2.500000000000000000e-01, 9.000000000000000000e+00, -1.000000000000000000e+00
3.216337919235229492e+00, 2.901233673095703125e+00, 2.769999980926513672e+00, 2.460000038146972656e+00, 6.257994771003723145e-01, 2.410082966089248657e-01, 9.000000000000000000e+00, -1.000000000000000000e+00
3.204202651977539062e+00, 2.892416715621948242e+00, 2.765000104904174805e+00, 2.460000038146972656e+00, 6.116575598716735840e-01, 2.408003956079483032e-01, 9.000000000000000000e+00, -1.000000000000000000e+00
3.204202651977539062e+00, 2.892416715621948242e+00, 2.654999971389770508e+00, 2.460000038146972656e+00, 6.942082047462463379e-01, 1.186976656317710876e-01, 2.000000000000000000e+00, -1.000000000000000000e+00
3.204202651977539062e+00, 2.892416715621948242e+00, 2.650000095367431641e+00, 2.460000038146972656e+00, 6.981403827667236328e-01, 1.671928465366363525e-01, 2.000000000000000000e+00, -1.000000000000000000e+00
3.204202651977539062e+00, 2.892416715621948242e+00, 2.644999980926513672e+00, 2.460000038146972656e+00, 7.020861506462097168e-01, 2.157672643661499023e-01, 2.000000000000000000e+00, -1.000000000000000000e+00
3.204202651977539062e+00, 2.892416715621948242e+00, 2.640000104904174805e+00, 2.460000038146972656e+00, 7.060453295707702637e-01, 2.644198238849639893e-01, 2.000000000000000000e+00, -1.000000000000000000e+00
3.204202651977539062e+00, 2.892416715621948242e+00, 2.634999990463256836e+00, 2.460000038146972656e+00, 7.100176215171813965e-01, 3.131495118141174316e-01, 2.000000000000000000e+00, -1.000000000000000000e+00
3.204202651977539062e+00, 2.892416715621948242e+00, 2.630000114440917969e+00, 2.460000038146972656e+00, 7.140027880668640137e-01, 3.619552552700042725e-01, 2.000000000000000000e+00, -1.000000000000000000e+00
3.204202651977539062e+00, 2.892416715621948242e+00, 2.625000000000000000e+00, 2.460000038146972656e+00, 7.180007100105285645e-01, 4.108360707759857178e-01, 2.000000000000000000e+00, -1.000000000000000000e+00
3.204202651977539062e+00, 2.892416715621948242e+00, 2.619999885559082031e+00, 2.460000038146972656e+00, 7.220110893249511719e-01, 4.597909152507781982e-01, 2.000000000000000000e+00, -1.000000000000000000e+00
3.204202651977539062e+00, 2.892416715621948242e+00, 2.615000009536743164e+00, 2.460000038146972656e+00, 7.260337471961975098e-01, 5.088188052177429199e-01, 2.000000000000000000e+00, -1.000000000000000000e+00
3.189936876296997070e+00, 2.887781620025634766e+00, 2.605000019073486328e+00, 2.460000038146972656e+00, 7.190445065498352051e-01, 5.064560770988464355e-01, 9.000000000000000000e+00, -1.000000000000000000e+00
3.175671100616455078e+00, 2.883146286010742188e+00, 2.599999904632568359e+00, 2.460000038146972656e+00, 7.120568752288818359e-01, 5.040469765663146973e-01, 9.000000000000000000e+00, -1.000000000000000000e+00
3.161405086517333984e+00, 2.878510951995849609e+00, 2.595000028610229492e+00, 2.460000038146972656e+00, 7.010349631309509277e-01, 5.082715749740600586e-01, 9.000000000000000000e+00, -1.000000000000000000e+00
3.147139310836791992e+00, 2.873875856399536133e+00, 2.589999914169311523e+00, 2.460000038146972656e+00, 6.900181174278259277e-01, 5.126310586929321289e-01, 9.000000000000000000e+00, -1.000000000000000000e+00
3.132873535156250000e+00, 2.869240522384643555e+00, 2.585000038146972656e+00, 2.460000038146972656e+00, 6.790066361427307129e-01, 5.171319842338562012e-01, 9.000000000000000000e+00, -1.000000000000000000e+00
3.118607521057128906e+00, 2.864605188369750977e+00, 2.579999923706054688e+00, 2.460000038146972656e+00, 6.680007576942443848e-01, 5.217812657356262207e-01, 9.000000000000000000e+00, -1.000000000000000000e+00
3.118607521057128906e+00, 2.864605188369750977e+00, 2.420000076293945312e+00, 2.460000038146972656e+00, 8.018884062767028809e-01, 3.867258429527282715e-01, 2.000000000000000000e+00, -1.000000000000000000e+00
3.118607521057128906e+00, 2.864605188369750977e+00, 2.414999961853027344e+00, 2.460000038146972656e+00, 8.062257766723632812e-01, 4.373578131198883057e-01, 2.000000000000000000e+00, -1.000000000000000000e+00
3.118607521057128906e+00, 2.864605188369750977e+00, 2.410000085830688477e+00, 2.460000038146972656e+00, 8.105707764625549316e-01, 4.880425333976745605e-01, 2.000000000000000000e+00, -1.000000000000000000e+00
3.103835582733154297e+00, 2.862000465393066406e+00, 2.404999971389770508e+00, 2.460000038146972656e+00, 8.018884062767028809e-01, 5.533924698829650879e-01, 1.100000000000000000e+01, -1.000000000000000000e+00
3.088981389999389648e+00, 2.859912872314453125e+00, 2.400000095367431641e+00, 2.460000038146972656e+00, 7.907274961471557617e-01, 6.102657914161682129e-01, 1.100000000000000000e+01, -1.000000000000000000e+00
3.074063539505004883e+00, 2.858345031738281250e+00, 2.394999980926513672e+00, 2.460000038146972656e+00, 7.820805311203002930e-01, 6.759871840476989746e-01, 1.100000000000000000e+01, -1.000000000000000000e+00
3.059100151062011719e+00, 2.857298612594604492e+00, 2.390000104904174805e+00, 2.460000038146972656e+00, 7.734662294387817383e-01, 7.419354319572448730e-01, 1.100000000000000000e+01, -1.000000000000000000e+00
3.044109344482421875e+00, 2.856775283813476562e+00, 2.384999990463256836e+00, 2.460000038146972656e+00, 7.648856043815612793e-01, 8.081172704696655273e-01, 1.100000000000000000e+01, -1.000000000000000000e+00
3.029109239578247070e+00, 2.856775283813476562e+00, 2.380000114440917969e+00, 2.460000038146972656e+00, 7.563398480415344238e-01, 8.745397925376892090e-01, 1.100000000000000000e+01, -1.000000000000000000e+00
3.029109239578247070e+00, 2.856775283813476562e+00, 2.375000000000000000e+00, 2.460000038146972656e+00, 7.606083154678344727e-01, 9.246313571929931641e-01, 2.000000000000000000e+00, -1.000000000000000000e+00
3.029109239578247070e+00, 2.856775283813476562e+00, 2.369999885559082031e+00, 2.460000038146972656e+00, 7.648856043815612793e-01, 9.747839570045471191e-01, 2.000000000000000000e+00, -1.000000000000000000e+00
3.029109239578247070e+00, 2.856775283813476562e+00, 2.365000009536743164e+00, 2.460000038146972656e+00, 7.691716551780700684e-01, 1.024996757507324219e+00, 2.000000000000000000e+00, -1.000000000000000000e+00
3.030677318572998047e+00, 2.871693134307861328e+00, 2.295000076293945312e+00, 2.460000038146972656e+00, 8.416204452514648438e-01, 9.764941334724426270e-01, 6.000000000000000000e+00, -1.000000000000000000e+00
3.032245159149169922e+00, 2.886610984802246094e+00, 2.299999952316284180e+00, 2.460000038146972656e+00, 8.447040915489196777e-01, 1.005766987800598145e+00, 6.000000000000000000e+00, -1.000000000000000000e+00
3.033812999725341797e+00, 2.901528596878051758e+00, 2.305000066757202148e+00, 2.460000038146972656e+00, 8.480713367462158203e-01, 1.034817218780517578e+00, 6.000000000000000000e+00, -1.000000000000000000e+00
3.035381078720092773e+00, 2.916446447372436523e+00, 2.309999942779541016e+00, 2.460000038146972656e+00, 8.559497594833374023e-01, 1.058661580085754395e+00, 6.000000000000000000e+00, -1.000000000000000000e+00
3.036948919296264648e+00, 2.931364297866821289e+00, 2.315000057220458984e+00, 2.460000038146972656e+00, 8.598255515098571777e-01, 1.087100267410278320e+00, 6.000000000000000000e+00, -1.000000000000000000e+00
3.035381078720092773e+00, 2.916446447372436523e+00, 2.384999990463256836e+00, 2.460000038146972656e+00, 7.934260964393615723e-01, 1.138667225837707520e+00, 3.000000000000000000e+00, -1.000000000000000000e+00
3.033812999725341797e+00, 2.901528596878051758e+00, 2.390000104904174805e+00, 2.460000038146972656e+00, 7.766594886779785156e-01, 1.125236749649047852e+00, 3.000000000000000000e+00, -1.000000000000000000e+00
3.032245159149169922e+00, 2.886610984802246094e+00, 2.394999980926513672e+00, 2.460000038146972656e+00, 7.641007900238037109e-01, 1.105390310287475586e+00, 3.000000000000000000e+00, -1.000000000000000000e+00
3.030677318572998047e+00, 2.871693134307861328e+00, 2.400000095367431641e+00, 2.460000038146972656e+00, 7.516648173332214355e-01, 1.084883928298950195e+00, 3.000000000000000000e+00, -1.000000000000000000e+00
3.029109239578247070e+00, 2.856775283813476562e+00, 2.404999971389770508e+00, 2.460000038146972656e+00, 7.351360321044921875e-01, 1.069474458694458008e+00, 3.000000000000000000e+00, -1.000000000000000000e+00
3.027541399002075195e+00, 2.841857433319091797e+00, 2.410000085830688477e+00, 2.460000038146972656e+00, 7.229280471801757812e-01, 1.047537326812744141e+00, 3.000000000000000000e+00, -1.000000000000000000e+00
3.025973558425903320e+00, 2.826939582824707031e+00, 2.505000114440917969e+00, 2.460000038146972656e+00, 6.353148818016052246e-01, 1.140719532966613770e+00, 3.000000000000000000e+00, -1.000000000000000000e+00
3.024405479431152344e+00, 2.812021732330322266e+00, 2.509999990463256836e+00, 2.460000038146972656e+00, 6.185466647148132324e-01, 1.123911619186401367e+00, 3.000000000000000000e+00, -1.000000000000000000e+00
3.022837638854980469e+00, 2.797103881835937500e+00, 2.515000104904174805e+00, 2.460000038146972656e+00, 6.060115694999694824e-01, 1.098859906196594238e+00, 3.000000000000000000e+00, -1.000000000000000000e+00
3.021269798278808594e+00, 2.782186031341552734e+00, 2.519999980926513672e+00, 2.460000038146972656e+00, 5.936328768730163574e-01, 1.072756767272949219e+00, 3.000000000000000000e+00, -1.000000000000000000e+00
3.019701719284057617e+00, 2.767268180847167969e+00, 2.525000095367431641e+00, 2.460000038146972656e+00, 5.771698355674743652e-01, 1.052782177925109863e+00, 3.000000000000000000e+00, -1.000000000000000000e+00
3.019701719284057617e+00, 2.767268180847167969e+00, 2.549999952316284180e+00, 2.460000038146972656e+00, 5.561025142669677734e-01, 1.035039663314819336e+00, 1.000000000000000000e+00, -1.000000000000000000e+00
3.019701719284057617e+00, 2.767268180847167969e+00, 2.555000066757202148e+00, 2.460000038146972656e+00, 5.519284605979919434e-01, 9.873918890953063965e-01, 1.000000000000000000e+00, -1.000000000000000000e+00
3.019701719284057617e+00, 2.767268180847167969e+00, 2.559999942779541016e+00, 2.460000038146972656e+00, 5.477681756019592285e-01, 9.398644566535949707e-01, 1.000000000000000000e+00, -1.000000000000000000e+00
3.019701719284057617e+00, 2.767268180847167969e+00, 2.565000057220458984e+00, 2.460000038146972656e+00, 5.436221361160278320e-01, 8.924596309661865234e-01, 1.000000000000000000e+00, -1.000000000000000000e+00
3.019701719284057617e+00, 2.767268180847167969e+00, 2.569999933242797852e+00, 2.460000038146972656e+00, 5.394905209541320801e-01, 8.451799154281616211e-01, 1.000000000000000000e+00, -1.000000000000000000e+00
3.019701719284057617e+00, 2.767268180847167969e+00, 2.575000047683715820e+00, 2.460000038146972656e+00, 5.353736877441406250e-01, 7.980276942253112793e-01, 1.000000000000000000e+00, -1.000000000000000000e+00
3.019701719284057617e+00, 2.767268180847167969e+00, 2.579999923706054688e+00, 2.460000038146972656e+00, 5.312720537185668945e-01, 7.510054111480712891e-01, 1.000000000000000000e+00, -1.000000000000000000e+00
3.019701719284057617e+00, 2.767268180847167969e+00, 2.585000038146972656e+00, 2.460000038146972656e+00, 5.271859169006347656e-01, 7.041157484054565430e-01, 1.000000000000000000e+00, -1.000000000000000000e+00
3.034473896026611328e+00, 2.769872903823852539e+00, 2.654999971389770508e+00, 2.460000038146972656e+00, 4.833735525608062744e-01, 8.089613318443298340e-01, 1.800000000000000000e+01, -1.000000000000000000e+00
3.049246072769165039e+00, 2.772477626800537109e+00, 2.660000085830688477e+00, 2.460000038146972656e+00, 4.942924380302429199e-01, 8.011343479156494141e-01, 1.800000000000000000e+01, -1.000000000000000000e+00
3.064018011093139648e+00, 2.775082349777221680e+00, 2.664999961853027344e+00, 2.460000038146972656e+00, 5.052227377891540527e-01, 7.936459183692932129e-01, 1.800000000000000000e+01, -1.000000000000000000e+00
3.078790187835693359e+00, 2.777687072753906250e+00, 2.670000076293945312e+00, 2.460000038146972656e+00, 5.130789279937744141e-01, 7.743051052093505859e-01, 1.800000000000000000e+01, -1.000000000000000000e+00
3.093562364578247070e+00, 2.780291795730590820e+00, 2.674999952316284180e+00, 2.460000038146972656e+00, 5.240467786788940430e-01, 7.676459550857543945e-01, 1.800000000000000000e+01, -1.000000000000000000e+00
3.108334541320800781e+00, 2.782896518707275391e+00, 2.680000066757202148e+00, 2.460000038146972656e+00, 5.320009589195251465e-01, 7.493776679039001465e-01, 1.800000000000000000e+01, -1.000000000000000000e+00
3.123106479644775391e+00, 2.785501241683959961e+00, 2.684999942779541016e+00, 2.460000038146972656e+00, 5.430009365081787109e-01, 7.434549927711486816e-01, 1.800000000000000000e+01, -1.000000000000000000e+00
3.137878656387329102e+00, 2.788105964660644531e+00, 2.690000057220458984e+00, 2.460000038146972656e+00, 5.510444641113281250e-01, 7.261677980422973633e-01, 1.800000000000000000e+01, -1.000000000000000000e+00
3.152650833129882812e+00, 2.790710687637329102e+00, 2.694999933242797852e+00, 2.460000038146972656e+00, 5.620720386505126953e-01, 7.209007740020751953e-01, 1.800000000000000000e+01, -1.000000000000000000e+00
3.167423009872436523e+00, 2.793315410614013672e+00, 2.700000047683715820e+00, 2.460000038146972656e+00, 5.701973438262939453e-01, 7.045128345489501953e-01, 1.800000000000000000e+01, -1.000000000000000000e+00
3.182194948196411133e+00, 2.795920133590698242e+00, 2.704999923706054688e+00, 2.460000038146972656e+00, 5.812486410140991211e-01, 6.998307704925537109e-01, 1.800000000000000000e+01, -1.000000000000000000e+00
3.196967124938964844e+00, 2.798524856567382812e+00, 2.710000038146972656e+00, 2.460000038146972656e+00, 5.894488692283630371e-01, 6.842688322067260742e-01, 1.800000000000000000e+01, -1.000000000000000000e+00
3.211739301681518555e+00, 2.801129579544067383e+00, 2.714999914169311523e+00, 2.460000038146972656e+00, 6.005206108093261719e-01, 6.801097989082336426e-01, 1.800000000000000000e+01, -1.000000000000000000e+00
3.226511478424072266e+00, 2.803734302520751953e+00, 2.720000028610229492e+00, 2.460000038146972656e+00, 6.087898015975952148e-01, 6.653081774711608887e-01, 1.800000000000000000e+01, -1.000000000000000000e+00
3.241283416748046875e+00, 2.806339025497436523e+00, 2.724999904632568359e+00, 2.460000038146972656e+00, 6.198790073394775391e-01, 6.616179347038269043e-01, 1.800000000000000000e+01, -1.000000000000000000e+00
3.256055593490600586e+00, 2.808943748474121094e+00, 2.730000019073486328e+00, 2.460000038146972656e+00, 6.282117366790771484e-01, 6.475175023078918457e-01, 1.800000000000000000e+01, -1.000000000000000000e+00
3.270827770233154297e+00, 2.811548471450805664e+00, 2.734999895095825195e+00, 2.460000038146972656e+00, 6.393160223960876465e-01, 6.442482471466064453e-01, 1.800000000000000000e+01, -1.000000000000000000e+00
3.285599946975708008e+00, 2.814153194427490234e+00, 2.740000009536743164e+00, 2.460000038146972656e+00, 6.477075219154357910e-01, 6.307958960533142090e-01, 1.800000000000000000e+01, -1.000000000000000000e+00
3.300371885299682617e+00, 2.816757917404174805e+00, 2.744999885559082031e+00, 2.460000038146972656e+00, 6.588246822357177734e-01, 6.279053688049316406e-01, 1.800000000000000000e+01, -1.000000000000000000e+00
3.315144062042236328e+00, 2.819362640380859375e+00, 2.750000000000000000e+00, 2.460000038146972656e+00, 6.672705411911010742e-01, 6.150530576705932617e-01, 1.800000000000000000e+01, -1.000000000000000000e+00
3.329916238784790039e+00, 2.821967363357543945e+00, 2.755000114440917969e+00, 2.460000038146972656e+00, 6.741661429405212402e-01, 6.187679171562194824e-01, 1.800000000000000000e+01, -1.000000000000000000e+00
3.344688415527343750e+00, 2.824572086334228516e+00, 2.759999990463256836e+00, 2.460000038146972656e+00, 6.826419234275817871e-01, 6.063179373741149902e-01, 1.800000000000000000e+01, -1.000000000000000000e+00
3.359460353851318359e+00, 2.827176809310913086e+00, 2.765000104904174805e+00, 2.460000038146972656e+00, 6.937758922576904297e-01, 6.039655804634094238e-01, 1.800000000000000000e+01, -1.000000000000000000e+00
3.374132633209228516e+00, 2.830295562744140625e+00, 2.769999980926513672e+00, 2.460000038146972656e+00, 7.049113512039184570e-01, 5.461319684982299805e-01, 1.900000000000000000e+01, -1.000000000000000000e+00
3.388687133789062500e+00, 2.833924293518066406e+00, 2.775000095367431641e+00, 2.460000038146972656e+00, 7.134423851966857910e-01, 4.788670837879180908e-01, 1.900000000000000000e+01, -1.000000000000000000e+00
3.403105974197387695e+00, 2.838058948516845703e+00, 2.779999971389770508e+00, 2.460000038146972656e+00, 7.245860695838928223e-01, 4.213103652000427246e-01, 1.900000000000000000e+01, -1.000000000000000000e+00
3.417371749877929688e+00, 2.842694282531738281e+00, 2.785000085830688477e+00, 2.460000038146972656e+00, 7.357309460639953613e-01, 3.638142347335815430e-01, 1.900000000000000000e+01, -1.000000000000000000e+00
3.431467294692993164e+00, 2.847824573516845703e+00, 2.789999961853027344e+00, 2.460000038146972656e+00, 7.468768358230590820e-01, 3.063760697841644287e-01, 1.900000000000000000e+01, -1.000000000000000000e+00
3.445374965667724609e+00, 2.853443622589111328e+00, 2.795000076293945312e+00, 2.460000038146972656e+00, 7.580237388610839844e-01, 2.489932328462600708e-01, 1.900000000000000000e+01, -1.000000000000000000e+00
3.459282875061035156e+00, 2.859062671661376953e+00, 2.799999952316284180e+00, 2.460000038146972656e+00, 7.648856043815612793e-01, 2.525617182254791260e-01, 1.800000000000000000e+01, -1.000000000000000000e+00
3.473190546035766602e+00, 2.864681720733642578e+00, 2.805000066757202148e+00, 2.460000038146972656e+00, 7.760315537452697754e-01, 2.507518529891967773e-01, 1.800000000000000000e+01, -1.000000000000000000e+00
3.487098217010498047e+00, 2.870300769805908203e+00, 2.809999942779541016e+00, 2.460000038146972656e+00, 7.897626161575317383e-01, 2.576334774494171143e-01, 1.800000000000000000e+01, -1.000000000000000000e+00
3.501006126403808594e+00, 2.875920057296752930e+00, 2.815000057220458984e+00, 2.460000038146972656e+00, 8.009057641029357910e-01, 2.558092474937438965e-01, 1.800000000000000000e+01, -1.000000000000000000e+00
3.514913797378540039e+00, 2.881539106369018555e+00, 2.819999933242797852e+00, 2.460000038146972656e+00, 8.077747225761413574e-01, 2.591303586959838867e-01, 1.800000000000000000e+01, -1.000000000000000000e+00
3.528821468353271484e+00, 2.887158155441284180e+00, 2.825000047683715820e+00, 2.460000038146972656e+00, 8.189169764518737793e-01, 2.573258876800537109e-01, 1.800000000000000000e+01, -1.000000000000000000e+00
3.542729377746582031e+00, 2.892777204513549805e+00, 2.829999923706054688e+00, 2.460000038146972656e+00, 8.300602436065673828e-01, 2.555698454380035400e-01, 1.800000000000000000e+01, -1.000000000000000000e+00
3.556637048721313477e+00, 2.898396253585815430e+00, 2.835000038146972656e+00, 2.460000038146972656e+00, 8.412044644355773926e-01, 2.538603544235229492e-01, 1.800000000000000000e+01, -1.000000000000000000e+00
3.570544719696044922e+00, 2.904015541076660156e+00, 2.839999914169311523e+00, 2.460000038146972656e+00, 8.523496985435485840e-01, 2.521955370903015137e-01, 1.800000000000000000e+01, -1.000000000000000000e+00
3.584452629089355469e+00, 2.909634590148925781e+00, 2.845000028610229492e+00, 2.460000038146972656e+00, 8.592147827148437500e-01, 2.553466856479644775e-01, 1.800000000000000000e+01, -1.000000000000000000e+00
3.598360300064086914e+00, 2.915253639221191406e+00, 2.849999904632568359e+00, 2.460000038146972656e+00, 8.729547262191772461e-01, 2.615002393722534180e-01, 1.800000000000000000e+01, -1.000000000000000000e+00
3.612268209457397461e+00, 2.920872688293457031e+00, 2.855000019073486328e+00, 2.460000038146972656e+00, 8.840956091880798340e-01, 2.597989439964294434e-01, 1.800000000000000000e+01, -1.000000000000000000e+00
3.626175880432128906e+00, 2.926491975784301758e+00, 2.859999895095825195e+00, 2.460000038146972656e+00, 8.952373862266540527e-01, 2.581399679183959961e-01, 1.800000000000000000e+01, -1.000000000000000000e+00
3.640083551406860352e+00, 2.932111024856567383e+00, 2.865000009536743164e+00, 2.460000038146972656e+00, 9.063801765441894531e-01, 2.565217912197113037e-01, 1.800000000000000000e+01, -1.000000000000000000e+00
3.653991460800170898e+00, 2.937730073928833008e+00, 2.914999961853027344e+00, 2.460000038146972656e+00, 8.751285672187805176e-01, 3.020252585411071777e-01, 1.800000000000000000e+01, -1.000000000000000000e+00
3.667899131774902344e+00, 2.943349123001098633e+00, 2.920000076293945312e+00, 2.460000038146972656e+00, 8.862420916557312012e-01, 2.998192608356475830e-01, 1.800000000000000000e+01, -1.000000000000000000e+00
3.681806802749633789e+00, 2.948968172073364258e+00, 2.924999952316284180e+00, 2.460000038146972656e+00, 8.973572254180908203e-01, 2.976678907871246338e-01, 1.800000000000000000e+01, -1.000000000000000000e+00
3.695714712142944336e+00, 2.954587459564208984e+00, 2.930000066757202148e+00, 2.460000038146972656e+00, 9.084739685058593750e-01, 2.955692112445831299e-01, 1.800000000000000000e+01, -1.000000000000000000e+00
3.709622383117675781e+00, 2.960206508636474609e+00, 2.934999942779541016e+00, 2.460000038146972656e+00, 9.180958271026611328e-01, 3.054918050765991211e-01, 1.800000000000000000e+01, -1.000000000000000000e+00
3.723530054092407227e+00, 2.965825557708740234e+00, 2.940000057220458984e+00, 2.460000038146972656e+00, 9.292066693305969238e-01, 3.033463656902313232e-01, 1.800000000000000000e+01, -1.000000000000000000e+00
3.737233400344848633e+00, 2.971926689147949219e+00, 2.944999933242797852e+00, 2.460000038146972656e+00, 9.403191208839416504e-01, 2.456960678100585938e-01, 1.900000000000000000e+01, -1.000000000000000000e+00
3.737233400344848633e+00, 2.971926689147949219e+00, 2.950000047683715820e+00, 2.460000038146972656e+00, 9.361222982406616211e-01, 1.947510689496994019e-01, 1.000000000000000000e+00, -1.000000000000000000e+00
3.737233400344848633e+00, 2.971926689147949219e+00, 2.954999923706054688e+00, 2.460000038146972656e+00, 9.319334626197814941e-01, 1.438475400209426880e-01, 1.000000000000000000e+00, -1.000000000000000000e+00
3.737233400344848633e+00, 2.971926689147949219e+00, 2.960000038146972656e+00, 2.460000038146972656e+00, 9.277526736259460449e-01, 9.298599511384963989e-02, 1.000000000000000000e+00, -1.000000000000000000e+00
3.737233400344848633e+00, 2.971926689147949219e+00, 2.964999914169311523e+00, 2.460000038146972656e+00, 9.235799908638000488e-01, 4.216690734028816223e-02, 1.000000000000000000e+00, -1.000000000000000000e+00
3.737233400344848633e+00, 2.971926689147949219e+00, 2.970000028610229492e+00, 2.460000038146972656e+00, 9.194155931472778320e-01, 9.991391181945800781e+00, 1.000000000000000000e+00, -1.000000000000000000e+00
3.737233400344848633e+00, 2.971926689147949219e+00, 2.974999904632568359e+00, 2.460000038146972656e+00, 9.152595400810241699e-01, 9.940657615661621094e+00, 1.000000000000000000e+00, -1.000000000000000000e+00
3.737233400344848633e+00, 2.971926689147949219e+00, 3.069999933242797852e+00, 2.460000038146972656e+00, 8.380483388900756836e-01, 9.985700607299804688e+00, 1.000000000000000000e+00, -1.000000000000000000e+00
3.737233400344848633e+00, 2.971926689147949219e+00, 3.075000047683715820e+00, 2.460000038146972656e+00, 8.340862989425659180e-01, 9.935951232910156250e+00, 1.000000000000000000e+00, -1.000000000000000000e+00
3.737233400344848633e+00, 2.971926689147949219e+00, 3.079999923706054688e+00, 2.460000038146972656e+00, 8.301355242729187012e-01, 9.886257171630859375e+00, 1.000000000000000000e+00, -1.000000000000000000e+00
3.737233400344848633e+00, 2.971926689147949219e+00, 3.085000038146972656e+00, 2.460000038146972656e+00, 8.261960744857788086e-01, 9.836618423461914062e+00, 1.000000000000000000e+00, -1.000000000000000000e+00
3.737233400344848633e+00, 2.971926689147949219e+00, 3.279999971389770508e+00, 2.460000038146972656e+00, 6.834654211997985840e-01, 6.283426284790039062e-02, 1.000000000000000000e+00, -1.000000000000000000e+00
3.737233400344848633e+00, 2.971926689147949219e+00, 3.285000085830688477e+00, 2.460000038146972656e+00, 6.801470518112182617e-01, 1.600928790867328644e-02, 1.000000000000000000e+00, -1.000000000000000000e+00
3.737233400344848633e+00, 2.971926689147949219e+00, 3.289999961853027344e+00, 2.460000038146972656e+00, 6.768493056297302246e-01, 9.969269752502441406e+00, 1.000000000000000000e+00, -1.000000000000000000e+00
3.737233400344848633e+00, 2.971926689147949219e+00, 3.295000076293945312e+00, 2.460000038146972656e+00, 6.735725402832031250e-01, 9.922616004943847656e+00, 1.000000000000000000e+00, -1.000000000000000000e+00
3.737233400344848633e+00, 2.971926689147949219e+00, 3.299999952316284180e+00, 2.460000038146972656e+00, 6.703171133995056152e-01, 9.876049041748046875e+00, 1.000000000000000000e+00, -1.000000000000000000e+00
3.737233400344848633e+00, 2.971926689147949219e+00, 3.305000066757202148e+00, 2.460000038146972656e+00, 6.670832037925720215e-01, 9.829569816589355469e+00, 1.000000000000000000e+00, -1.000000000000000000e+00
3.737233400344848633e+00, 2.971926689147949219e+00, 3.309999942779541016e+00, 2.460000038146972656e+00, 6.638712286949157715e-01, 9.783178329467773438e+00, 1.000000000000000000e+00, -1.000000000000000000e+00
3.737233400344848633e+00, 2.971926689147949219e+00, 3.315000057220458984e+00, 2.460000038146972656e+00, 6.606814861297607422e-01, 9.736876487731933594e+00, 1.000000000000000000e+00, -1.000000000000000000e+00
3.744733333587646484e+00, 2.984916925430297852e+00, 3.359999895095825195e+00, 2.549999952316284180e+00, 5.738466978073120117e-01, 9.681452751159667969e+00, 1.800000000000000000e+01, -1.000000000000000000e+00
3.752233266830444336e+00, 2.997907400131225586e+00, 3.359999895095825195e+00, 2.555000066757202148e+00, 5.879625678062438965e-01, 9.679094314575195312e+00, 1.800000000000000000e+01, -1.000000000000000000e+00
3.759733438491821289e+00, 3.010897636413574219e+00, 3.359999895095825195e+00, 2.559999942779541016e+00, 5.987695455551147461e-01, 9.686779022216796875e+00, 1.800000000000000000e+01, -1.000000000000000000e+00
3.767233371734619141e+00, 3.023888111114501953e+00, 3.359999895095825195e+00, 2.565000057220458984e+00, 6.091387271881103516e-01, 9.675761222839355469e+00, 1.800000000000000000e+01, -1.000000000000000000e+00
3.774733304977416992e+00, 3.036878585815429688e+00, 3.359999895095825195e+00, 2.569999933242797852e+00, 6.199395060539245605e-01, 9.683241844177246094e+00, 1.800000000000000000e+01, -1.000000000000000000e+00
3.782233238220214844e+00, 3.049868822097778320e+00, 3.359999895095825195e+00, 2.575000047683715820e+00, 6.303173899650573730e-01, 9.672652244567871094e+00, 1.800000000000000000e+01, -1.000000000000000000e+00
3.789733409881591797e+00, 3.062859296798706055e+00, 3.359999895095825195e+00, 2.579999923706054688e+00, 6.411123275756835938e-01, 9.679938316345214844e+00, 1.800000000000000000e+01, -1.000000000000000000e+00
3.797233343124389648e+00, 3.075849771499633789e+00, 3.359999895095825195e+00, 2.585000038146972656e+00, 6.552289724349975586e-01, 9.677854537963867188e+00, 1.800000000000000000e+01, -1.000000000000000000e+00
3.804733276367187500e+00, 3.088840007781982422e+00, 3.359999895095825195e+00, 2.589999914169311523e+00, 6.622877120971679688e-01, 9.676846504211425781e+00, 1.800000000000000000e+01, -1.000000000000000000e+00
3.812233448028564453e+00, 3.101830482482910156e+00, 3.359999895095825195e+00, 2.595000028610229492e+00, 6.764059662818908691e-01, 9.674892425537109375e+00, 1.800000000000000000e+01, -1.000000000000000000e+00
3.819733381271362305e+00, 3.114820718765258789e+00, 3.359999895095825195e+00, 2.599999904632568359e+00, 6.834654211997985840e-01, 9.673945426940917969e+00, 1.800000000000000000e+01, -1.000000000000000000e+00
3.827233314514160156e+00, 3.127811193466186523e+00, 3.359999895095825195e+00, 2.605000019073486328e+00, 6.975851058959960938e-01, 9.672109603881835938e+00, 1.800000000000000000e+01, -1.000000000000000000e+00
3.834733247756958008e+00, 3.140801668167114258e+00, 3.359999895095825195e+00, 2.609999895095825195e+00, 7.083784341812133789e-01, 9.678711891174316406e+00, 1.800000000000000000e+01, -1.000000000000000000e+00
3.842233419418334961e+00, 3.153791904449462891e+00, 3.359999895095825195e+00, 2.615000009536743164e+00, 7.187663316726684570e-01, 9.669490814208984375e+00, 1.800000000000000000e+01, -1.000000000000000000e+00
3.849733352661132812e+00, 3.166782379150390625e+00, 3.359999895095825195e+00, 2.619999885559082031e+00, 7.295546531677246094e-01, 9.675940513610839844e+00, 1.800000000000000000e+01, -1.000000000000000000e+00
3.857233285903930664e+00, 3.179772615432739258e+00, 3.359999895095825195e+00, 2.625000000000000000e+00, 7.399493455886840820e-01, 9.667021751403808594e+00, 1.800000000000000000e+01, -1.000000000000000000e+00
3.864733457565307617e+00, 3.192763090133666992e+00, 3.359999895095825195e+00, 2.630000114440917969e+00, 7.507329583168029785e-01, 9.673324584960937500e+00, 1.800000000000000000e+01, -1.000000000000000000e+00
3.872233390808105469e+00, 3.205753564834594727e+00, 3.359999895095825195e+00, 2.634999990463256836e+00, 7.648529410362243652e-01, 9.671662330627441406e+00, 1.800000000000000000e+01, -1.000000000000000000e+00
3.879733324050903320e+00, 3.218743801116943359e+00, 3.359999895095825195e+00, 2.640000104904174805e+00, 7.719132304191589355e-01, 9.670853614807128906e+00, 1.800000000000000000e+01, -1.000000000000000000e+00
3.887233257293701172e+00, 3.231734275817871094e+00, 3.359999895095825195e+00, 2.644999980926513672e+00, 7.860343456268310547e-01, 9.669279098510742188e+00, 1.800000000000000000e+01, -1.000000000000000000e+00
3.894733428955078125e+00, 3.244724512100219727e+00, 3.359999895095825195e+00, 2.650000095367431641e+00, 7.930952310562133789e-01, 9.668513298034667969e+00, 1.800000000000000000e+01, -1.000000000000000000e+00
3.902233362197875977e+00, 3.257714986801147461e+00, 3.359999895095825195e+00, 2.654999971389770508e+00, 8.072174191474914551e-01, 9.667021751403808594e+00, 1.800000000000000000e+01, -1.000000000000000000e+00
3.909733295440673828e+00, 3.270705461502075195e+00, 3.359999895095825195e+00, 2.660000085830688477e+00, 8.180006146430969238e-01, 9.672806739807128906e+00, 1.800000000000000000e+01, -1.000000000000000000e+00
3.917233467102050781e+00, 3.283695697784423828e+00, 3.359999895095825195e+00, 2.664999961853027344e+00, 8.284021019935607910e-01, 9.664879798889160156e+00, 1.800000000000000000e+01, -1.000000000000000000e+00
3.924733400344848633e+00, 3.296686172485351562e+00, 3.359999895095825195e+00, 2.670000076293945312e+00, 8.391811251640319824e-01, 9.670546531677246094e+00, 1.800000000000000000e+01, -1.000000000000000000e+00
3.932233333587646484e+00, 3.309676408767700195e+00, 3.359999895095825195e+00, 2.674999952316284180e+00, 8.495881557464599609e-01, 9.662844657897949219e+00, 1.800000000000000000e+01, -1.000000000000000000e+00
3.939733266830444336e+00, 3.322666883468627930e+00, 3.359999895095825195e+00, 2.680000066757202148e+00, 8.603633046150207520e-01, 9.668396949768066406e+00, 1.800000000000000000e+01, -1.000000000000000000e+00
3.947682142257690430e+00, 3.335387706756591797e+00, 3.359999895095825195e+00, 2.684999942779541016e+00, 8.744855523109436035e-01, 9.722577095031738281e+00, 2.000000000000000000e+01, -1.000000000000000000e+00
3.956069946289062500e+00, 3.347823143005371094e+00, 3.359999895095825195e+00, 2.690000057220458984e+00, 8.849011063575744629e-01, 9.770780563354492188e+00, 2.000000000000000000e+01, -1.000000000000000000e+00
3.964886903762817383e+00, 3.359958410263061523e+00, 3.359999895095825195e+00, 2.694999933242797852e+00, 8.919641375541687012e-01, 9.825731277465820312e+00, 2.000000000000000000e+01, -1.000000000000000000e+00
3.974121809005737305e+00, 3.371778488159179688e+00, 3.359999895095825195e+00, 2.700000047683715820e+00, 9.060904979705810547e-01, 9.880105018615722656e+00, 2.000000000000000000e+01, -1.000000000000000000e+00
3.983763456344604492e+00, 3.383269309997558594e+00, 3.359999895095825195e+00, 2.704999923706054688e+00, 9.165287613868713379e-01, 9.928665161132812500e+00, 2.000000000000000000e+01, -1.000000000000000000e+00
3.993800401687622070e+00, 3.394416332244873047e+00, 3.359999895095825195e+00, 2.710000038146972656e+00, 9.269843697547912598e-01, 9.977383613586425781e+00, 2.000000000000000000e+01, -1.000000000000000000e+00
4.003837585449218750e+00, 3.405563592910766602e+00, 3.359999895095825195e+00, 2.714999914169311523e+00, 9.411163330078125000e-01, 9.976470947265625000e+00, 1.800000000000000000e+01, -1.000000000000000000e+00
4.013874530792236328e+00, 3.416710853576660156e+00, 3.359999895095825195e+00, 2.720000028610229492e+00, 9.515907764434814453e-01, 9.969895362854003906e+00, 1.800000000000000000e+01, -1.000000000000000000e+00
4.013874530792236328e+00, 3.416710853576660156e+00, 3.359999895095825195e+00, 2.839999914169311523e+00, 8.678277730941772461e-01, 9.874901771545410156e+00, 2.000000000000000000e+00, -1.000000000000000000e+00
4.013874530792236328e+00, 3.416710853576660156e+00, 3.359999895095825195e+00, 2.845000028610229492e+00, 8.645229935646057129e-01, 9.923563003540039062e+00, 2.000000000000000000e+00, -1.000000000000000000e+00
4.013874530792236328e+00, 3.416710853576660156e+00, 3.359999895095825195e+00, 2.849999904632568359e+00, 8.612346053123474121e-01, 9.972171783447265625e+00, 2.000000000000000000e+00, -1.000000000000000000e+00
4.013874530792236328e+00, 3.416710853576660156e+00, 3.359999895095825195e+00, 2.855000019073486328e+00, 8.579627275466918945e-01, 2.072676643729209900e-02, 2.000000000000000000e+00, -1.000000000000000000e+00
4.013874530792236328e+00, 3.416710853576660156e+00, 3.359999895095825195e+00, 2.859999895095825195e+00, 8.547075390815734863e-01, 6.922858953475952148e-02, 2.000000000000000000e+00, -1.000000000000000000e+00
4.013874530792236328e+00, 3.416710853576660156e+00, 3.359999895095825195e+00, 2.865000009536743164e+00, 8.514693379402160645e-01, 1.176766231656074524e-01, 2.000000000000000000e+00, -1.000000000000000000e+00
4.013874530792236328e+00, 3.416710853576660156e+00, 3.359999895095825195e+00, 2.869999885559082031e+00, 8.482481837272644043e-01, 1.660705208778381348e-01, 2.000000000000000000e+00, -1.000000000000000000e+00
4.013874530792236328e+00, 3.416710853576660156e+00, 3.359999895095825195e+00, 2.994999885559082031e+00, 7.738863229751586914e-01, 2.412996999919414520e-02, 2.000000000000000000e+00, -1.000000000000000000e+00
4.013874530792236328e+00, 3.416710853576660156e+00, 3.359999895095825195e+00, 3.000000000000000000e+00, 7.711841464042663574e-01, 7.101849466562271118e-02, 2.000000000000000000e+00, -1.000000000000000000e+00
4.013874530792236328e+00, 3.416710853576660156e+00, 3.359999895095825195e+00, 3.005000114440917969e+00, 7.685050368309020996e-01, 1.178463324904441833e-01, 2.000000000000000000e+00, -1.000000000000000000e+00
4.013874530792236328e+00, 3.416710853576660156e+00, 3.359999895095825195e+00, 3.009999990463256836e+00, 7.658491730690002441e-01, 1.646133661270141602e-01, 2.000000000000000000e+00, -1.000000000000000000e+00
4.013874530792236328e+00, 3.416710853576660156e+00, 3.359999895095825195e+00, 3.015000104904174805e+00, 7.632168531417846680e-01, 2.113195061683654785e-01, 2.000000000000000000e+00, -1.000000000000000000e+00
4.027577400207519531e+00, 3.422811746597290039e+00, 3.359999895095825195e+00, 3.109999895095825195e+00, 7.337063550949096680e-01, 2.759181335568428040e-02, 1.800000000000000000e+01, -1.000000000000000000e+00
4.041280746459960938e+00, 3.428912878036499023e+00, 3.359999895095825195e+00, 3.115000009536743164e+00, 7.473285794258117676e-01, 1.409458927810192108e-02, 1.800000000000000000e+01, -1.000000000000000000e+00
4.054984092712402344e+00, 3.435014009475708008e+00, 3.359999895095825195e+00, 3.119999885559082031e+00, 7.585018277168273926e-01, 1.493690256029367447e-02, 1.800000000000000000e+01, -1.000000000000000000e+00
4.068686962127685547e+00, 3.441114902496337891e+00, 3.359999895095825195e+00, 3.125000000000000000e+00, 7.721722722053527832e-01, 2.097173826768994331e-03, 1.800000000000000000e+01, -1.000000000000000000e+00
4.082390308380126953e+00, 3.447216033935546875e+00, 3.359999895095825195e+00, 3.130000114440917969e+00, 7.858912348747253418e-01, 9.989705085754394531e+00, 1.800000000000000000e+01, -1.000000000000000000e+00
4.096093654632568359e+00, 3.453317165374755859e+00, 3.359999895095825195e+00, 3.134999990463256836e+00, 7.996561527252197266e-01, 9.977738380432128906e+00, 1.800000000000000000e+01, -1.000000000000000000e+00
4.109796524047851562e+00, 3.459418058395385742e+00, 3.359999895095825195e+00, 3.140000104904174805e+00, 8.088572025299072266e-01, 9.969987869262695312e+00, 1.800000000000000000e+01, -1.000000000000000000e+00
4.123499870300292969e+00, 3.465519189834594727e+00, 3.359999895095825195e+00, 3.144999980926513672e+00, 8.246211409568786621e-01, 9.967601776123046875e+00, 1.800000000000000000e+01, -1.000000000000000000e+00
4.123499870300292969e+00, 3.465519189834594727e+00, 3.359999895095825195e+00, 3.200000047683715820e+00, 8.048757910728454590e-01, 9.922857284545898438e+00, 2.000000000000000000e+00, -1.000000000000000000e+00
4.123499870300292969e+00, 3.465519189834594727e+00, 3.359999895095825195e+00, 3.204999923706054688e+00, 8.032433986663818359e-01, 9.969058036804199219e+00, 2.000000000000000000e+00, -1.000000000000000000e+00
4.123499870300292969e+00, 3.465519189834594727e+00, 3.359999895095825195e+00, 3.210000038146972656e+00, 8.016389608383178711e-01, 1.522105839103460312e-02, 2.000000000000000000e+00, -1.000000000000000000e+00
4.123499870300292969e+00, 3.465519189834594727e+00, 3.359999895095825195e+00, 3.214999914169311523e+00, 8.000624775886535645e-01, 6.134679168462753296e-02, 2.000000000000000000e+00, -1.000000000000000000e+00
4.123499870300292969e+00, 3.465519189834594727e+00, 3.359999895095825195e+00, 3.220000028610229492e+00, 7.985142469406127930e-01, 1.074356213212013245e-01, 2.000000000000000000e+00, -1.000000000000000000e+00
4.123499870300292969e+00, 3.465519189834594727e+00, 3.359999895095825195e+00, 3.224999904632568359e+00, 7.969943284988403320e-01, 1.534880101680755615e-01, 2.000000000000000000e+00, -1.000000000000000000e+00
4.123499870300292969e+00, 3.465519189834594727e+00, 3.359999895095825195e+00, 3.230000019073486328e+00, 7.955029606819152832e-01, 1.995044201612472534e-01, 2.000000000000000000e+00, -1.000000000000000000e+00
4.123499870300292969e+00, 3.465519189834594727e+00, 3.359999895095825195e+00, 3.315000057220458984e+00, 7.746612429618835449e-01, 8.791334182024002075e-02, 2.000000000000000000e+00, -1.000000000000000000e+00
4.123499870300292969e+00, 3.465519189834594727e+00, 3.359999895095825195e+00, 3.319999933242797852e+00, 7.737085819244384766e-01, 1.333782821893692017e-01, 2.000000000000000000e+00, -1.000000000000000000e+00
4.123499870300292969e+00, 3.465519189834594727e+00, 3.359999895095825195e+00, 3.325000047683715820e+00, 7.727871537208557129e-01, 1.788187623023986816e-01, 2.000000000000000000e+00, -1.000000000000000000e+00
4.123499870300292969e+00, 3.465519189834594727e+00, 3.359999895095825195e+00, 3.329999923706054688e+00, 7.718970179557800293e-01, 2.242354899644851685e-01, 2.000000000000000000e+00, -1.000000000000000000e+00
4.123499870300292969e+00, 3.465519189834594727e+00, 3.359999895095825195e+00, 3.335000038146972656e+00, 7.710382342338562012e-01, 2.696292400360107422e-01, 2.000000000000000000e+00, -1.000000000000000000e+00
4.123499870300292969e+00, 3.465519189834594727e+00, 3.359999895095825195e+00, 3.339999914169311523e+00, 7.702109813690185547e-01, 3.150007128715515137e-01, 2.000000000000000000e+00, -1.000000000000000000e+00
4.123499870300292969e+00, 3.465519189834594727e+00, 3.359999895095825195e+00, 3.345000028610229492e+00, 7.694153785705566406e-01, 3.603507280349731445e-01, 2.000000000000000000e+00, -1.000000000000000000e+00
4.123499870300292969e+00, 3.465519189834594727e+00, 3.359999895095825195e+00, 3.470000028610229492e+00, 7.600164413452148438e-01, 1.561961024999618530e-01, 2.000000000000000000e+00, -1.000000000000000000e+00
4.123499870300292969e+00, 3.465519189834594727e+00, 3.359999895095825195e+00, 3.474999904632568359e+00, 7.600657939910888672e-01, 2.012819945812225342e-01, 2.000000000000000000e+00, -1.000000000000000000e+00
4.123499870300292969e+00, 3.465519189834594727e+00, 3.359999895095825195e+00, 3.480000019073486328e+00, 7.601479887962341309e-01, 2.463696897029876709e-01, 2.000000000000000000e+00, -1.000000000000000000e+00
4.123499870300292969e+00, 3.465519189834594727e+00, 3.359999895095825195e+00, 3.484999895095825195e+00, 7.602630853652954102e-01, 2.914601266384124756e-01, 2.000000000000000000e+00, -1.000000000000000000e+00
4.123499870300292969e+00, 3.465519189834594727e+00, 3.359999895095825195e+00, 3.490000009536743164e+00, 7.604110836982727051e-01, 3.365541696548461914e-01, 2.000000000000000000e+00, -1.000000000000000000e+00
4.123499870300292969e+00, 3.465519189834594727e+00, 3.359999895095825195e+00, 3.494999885559082031e+00, 7.605918645858764648e-01, 3.816527128219604492e-01, 2.000000000000000000e+00, -1.000000000000000000e+00
4.123499870300292969e+00, 3.465519189834594727e+00, 3.359999895095825195e+00, 3.500000000000000000e+00, 7.608054876327514648e-01, 4.267567098140716553e-01, 2.000000000000000000e+00, -1.000000000000000000e+00
4.123499870300292969e+00, 3.465519189834594727e+00, 3.359999895095825195e+00, 3.505000114440917969e+00, 7.610518932342529297e-01, 4.718670248985290527e-01, 2.000000000000000000e+00, -1.000000000000000000e+00
4.123499870300292969e+00, 3.465519189834594727e+00, 3.359999895095825195e+00, 3.509999990463256836e+00, 7.613310813903808594e-01, 5.169845223426818848e-01, 2.000000000000000000e+00, -1.000000000000000000e+00
4.123499870300292969e+00, 3.465519189834594727e+00, 3.359999895095825195e+00, 3.640000104904174805e+00, 7.798877954483032227e-01, 3.064698874950408936e-01, 2.000000000000000000e+00, -1.000000000000000000e+00
4.123499870300292969e+00, 3.465519189834594727e+00, 3.359999895095825195e+00, 3.644999980926513672e+00, 7.810249924659729004e-01, 3.520963490009307861e-01, 2.000000000000000000e+00, -1.000000000000000000e+00
4.123499870300292969e+00, 3.465519189834594727e+00, 3.359999895095825195e+00, 3.650000095367431641e+00, 7.821924090385437012e-01, 3.977520763874053955e-01, 2.000000000000000000e+00, -1.000000000000000000e+00
4.123499870300292969e+00, 3.465519189834594727e+00, 3.359999895095825195e+00, 3.654999971389770508e+00, 7.833900451660156250e-01, 4.434376955032348633e-01, 2.000000000000000000e+00, -1.000000000000000000e+00
4.123499870300292969e+00, 3.465519189834594727e+00, 3.359999895095825195e+00, 3.660000085830688477e+00, 7.846177220344543457e-01, 4.891538023948669434e-01, 2.000000000000000000e+00, -1.000000000000000000e+00
4.123499870300292969e+00, 3.465519189834594727e+00, 3.359999895095825195e+00, 3.664999961853027344e+00, 7.858753204345703125e-01, 5.349010229110717773e-01, 2.000000000000000000e+00, -1.000000000000000000e+00
4.123499870300292969e+00, 3.465519189834594727e+00, 3.365000009536743164e+00, 3.664999961853027344e+00, 7.810409665107727051e-01, 5.878636240959167480e-01, 2.000000000000000000e+00, -1.000000000000000000e+00
4.123499870300292969e+00, 3.465519189834594727e+00, 3.369999885559082031e+00, 3.664999961853027344e+00, 7.762087583541870117e-01, 6.407939791679382324e-01, 2.000000000000000000e+00, -1.000000000000000000e+00
4.135320186614990234e+00, 3.456284284591674805e+00, 3.634999990463256836e+00, 3.664999961853027344e+00, 5.423098802566528320e-01, 4.227109551429748535e-01, 1.800000000000000000e+01, -1.000000000000000000e+00
4.147140026092529297e+00, 3.447049379348754883e+00, 3.640000104904174805e+00, 3.664999961853027344e+00, 5.508402585983276367e-01, 4.016655683517456055e-01, 1.800000000000000000e+01, -1.000000000000000000e+00
4.158960342407226562e+00, 3.437814474105834961e+00, 3.644999980926513672e+00, 3.664999961853027344e+00, 5.594640374183654785e-01, 3.812655210494995117e-01, 1.800000000000000000e+01, -1.000000000000000000e+00
4.170780658721923828e+00, 3.428579568862915039e+00, 3.650000095367431641e+00, 3.664999961853027344e+00, 5.727128386497497559e-01, 3.673571944236755371e-01, 1.800000000000000000e+01, -1.000000000000000000e+00
4.182600498199462891e+00, 3.419344663619995117e+00, 3.654999971389770508e+00, 3.664999961853027344e+00, 5.814851522445678711e-01, 3.482404053211212158e-01, 1.800000000000000000e+01, -1.000000000000000000e+00
4.194420814514160156e+00, 3.410109758377075195e+00, 3.660000085830688477e+00, 3.664999961853027344e+00, 5.881538987159729004e-01, 3.418416678905487061e-01, 1.800000000000000000e+01, -1.000000000000000000e+00
4.206241130828857422e+00, 3.400874614715576172e+00, 3.664999961853027344e+00, 3.664999961853027344e+00, 6.015189290046691895e-01, 3.294703364372253418e-01, 1.800000000000000000e+01, -1.000000000000000000e+00
4.218060970306396484e+00, 3.391639709472656250e+00, 3.670000076293945312e+00, 3.664999961853027344e+00, 6.104506254196166992e-01, 3.118076324462890625e-01, 1.800000000000000000e+01, -1.000000000000000000e+00
4.229881286621093750e+00, 3.382404804229736328e+00, 3.674999952316284180e+00, 3.664999961853027344e+00, 6.194553971290588379e-01, 2.946563959121704102e-01, 1.800000000000000000e+01, -1.000000000000000000e+00
4.241701602935791016e+00, 3.373169898986816406e+00, 3.680000066757202148e+00, 3.664999961853027344e+00, 6.329494714736938477e-01, 2.838994264602661133e-01, 1.800000000000000000e+01, -1.000000000000000000e+00
4.253521442413330078e+00, 3.363934993743896484e+00, 3.684999942779541016e+00, 3.664999961853027344e+00, 6.420669555664062500e-01, 2.677446007728576660e-01, 1.800000000000000000e+01, -1.000000000000000000e+00
4.265341758728027344e+00, 3.354700088500976562e+00, 3.690000057220458984e+00, 3.664999961853027344e+00, 6.556294560432434082e-01, 2.579145133495330811e-01, 1.800000000000000000e+01, -1.000000000000000000e+00
4.277162075042724609e+00, 3.345465183258056641e+00, 3.694999933242797852e+00, 3.664999961853027344e+00, 6.624197959899902344e-01, 2.531504929065704346e-01, 1.800000000000000000e+01, -1.000000000000000000e+00
4.288981914520263672e+00, 3.336230278015136719e+00, 3.700000047683715820e+00, 3.664999961853027344e+00, 6.716583967208862305e-01, 2.381262183189392090e-01, 1.800000000000000000e+01, -1.000000000000000000e+00
4.300802230834960938e+00, 3.326995372772216797e+00, 3.704999923706054688e+00, 3.664999961853027344e+00, 6.852918863296508789e-01, 2.293088585138320923e-01, 1.800000000000000000e+01, -1.000000000000000000e+00
4.312622547149658203e+00, 3.317760467529296875e+00, 3.710000038146972656e+00, 3.664999961853027344e+00, 6.946222186088562012e-01, 2.150989621877670288e-01, 1.800000000000000000e+01, -1.000000000000000000e+00
4.324442386627197266e+00, 3.308525562286376953e+00, 3.714999914169311523e+00, 3.664999961853027344e+00, 7.040063738822937012e-01, 2.012668251991271973e-01, 1.800000000000000000e+01, -1.000000000000000000e+00
4.336262702941894531e+00, 3.299290657043457031e+00, 3.720000028610229492e+00, 3.664999961853027344e+00, 7.177221179008483887e-01, 1.935497224330902100e-01, 1.800000000000000000e+01, -1.000000000000000000e+00
4.348083019256591797e+00, 3.290055751800537109e+00, 3.724999904632568359e+00, 3.664999961853027344e+00, 7.245860695838928223e-01, 1.898007541894912720e-01, 1.800000000000000000e+01, -1.000000000000000000e+00
4.348083019256591797e+00, 3.290055751800537109e+00, 3.734999895095825195e+00, 3.664999961853027344e+00, 7.160481810569763184e-01, 2.338529974222183228e-01, 2.000000000000000000e+00, -1.000000000000000000e+00
4.348083019256591797e+00, 3.290055751800537109e+00, 3.740000009536743164e+00, 3.664999961853027344e+00, 7.117934823036193848e-01, 2.835535705089569092e-01, 2.000000000000000000e+00, -1.000000000000000000e+00
4.348083019256591797e+00, 3.290055751800537109e+00, 3.744999885559082031e+00, 3.664999961853027344e+00, 7.075485587120056152e-01, 3.331837952136993408e-01, 2.000000000000000000e+00, -1.000000000000000000e+00
4.348083019256591797e+00, 3.290055751800537109e+00, 3.750000000000000000e+00, 3.664999961853027344e+00, 7.033135890960693359e-01, 3.827425837516784668e-01, 2.000000000000000000e+00, -1.000000000000000000e+00
4.348083019256591797e+00, 3.290055751800537109e+00, 3.755000114440917969e+00, 3.664999961853027344e+00, 6.990886926651000977e-01, 4.322288036346435547e-01, 2.000000000000000000e+00, -1.000000000000000000e+00
4.348083019256591797e+00, 3.290055751800537109e+00, 3.759999990463256836e+00, 3.664999961853027344e+00, 6.948741078376770020e-01, 4.816413223743438721e-01, 2.000000000000000000e+00, -1.000000000000000000e+00
4.348083019256591797e+00, 3.290055751800537109e+00, 3.765000104904174805e+00, 3.664999961853027344e+00, 6.906699538230895996e-01, 5.309789180755615234e-01, 2.000000000000000000e+00, -1.000000000000000000e+00
4.357317924499511719e+00, 3.278235435485839844e+00, 3.825000047683715820e+00, 3.664999961853027344e+00, 6.580273509025573730e-01, 4.347928166389465332e-01, 1.800000000000000000e+01, -1.000000000000000000e+00
4.366552829742431641e+00, 3.266415357589721680e+00, 3.829999923706054688e+00, 3.664999961853027344e+00, 6.680007576942443848e-01, 4.226631820201873779e-01, 1.800000000000000000e+01, -1.000000000000000000e+00
4.375787734985351562e+00, 3.254595279693603516e+00, 3.835000038146972656e+00, 3.664999961853027344e+00, 6.810469627380371094e-01, 4.015848636627197266e-01, 1.800000000000000000e+01, -1.000000000000000000e+00
4.385022640228271484e+00, 3.242774963378906250e+00, 3.839999914169311523e+00, 3.664999961853027344e+00, 6.911222934722900391e-01, 3.903418481349945068e-01, 1.800000000000000000e+01, -1.000000000000000000e+00
4.394257545471191406e+00, 3.230954885482788086e+00, 3.845000028610229492e+00, 3.664999961853027344e+00, 6.973162889480590820e-01, 3.723431229591369629e-01, 1.800000000000000000e+01, -1.000000000000000000e+00
4.403492450714111328e+00, 3.219134807586669922e+00, 3.849999904632568359e+00, 3.664999961853027344e+00, 7.106335163116455078e-01, 3.530720174312591553e-01, 1.800000000000000000e+01, -1.000000000000000000e+00
4.412727355957031250e+00, 3.207314491271972656e+00, 3.855000019073486328e+00, 3.664999961853027344e+00, 7.208501696586608887e-01, 3.429744839668273926e-01, 1.800000000000000000e+01, -1.000000000000000000e+00
4.421962261199951172e+00, 3.195494413375854492e+00, 3.859999895095825195e+00, 3.664999961853027344e+00, 7.310950756072998047e-01, 3.331595659255981445e-01, 1.800000000000000000e+01, -1.000000000000000000e+00
4.431197166442871094e+00, 3.183674097061157227e+00, 3.865000009536743164e+00, 3.664999961853027344e+00, 7.446140050888061523e-01, 3.154715299606323242e-01, 1.800000000000000000e+01, -1.000000000000000000e+00
4.440432071685791016e+00, 3.171854019165039062e+00, 3.869999885559082031e+00, 3.664999961853027344e+00, 7.549337744712829590e-01, 3.063406646251678467e-01, 1.800000000000000000e+01, -1.000000000000000000e+00
4.449666976928710938e+00, 3.160033941268920898e+00, 3.875000000000000000e+00, 3.664999961853027344e+00, 7.615280747413635254e-01, 2.905606329441070557e-01, 1.800000000000000000e+01, -1.000000000000000000e+00
4.458901882171630859e+00, 3.148213624954223633e+00, 3.880000114440917969e+00, 3.664999961853027344e+00, 7.752580046653747559e-01, 2.743181586265563965e-01, 1.800000000000000000e+01, -1.000000000000000000e+00
4.468136787414550781e+00, 3.136393547058105469e+00, 3.884999990463256836e+00, 3.664999961853027344e+00, 7.856844067573547363e-01, 2.660874426364898682e-01, 1.800000000000000000e+01, -1.000000000000000000e+00
4.477371692657470703e+00, 3.124573469161987305e+00, 3.890000104904174805e+00, 3.664999961853027344e+00, 7.995311021804809570e-01, 2.507589757442474365e-01, 1.800000000000000000e+01, -1.000000000000000000e+00
4.486606597900390625e+00, 3.112753152847290039e+00, 3.894999980926513672e+00, 3.664999961853027344e+00, 8.100154399871826172e-01, 2.430792897939682007e-01, 1.800000000000000000e+01, -1.000000000000000000e+00
4.495841503143310547e+00, 3.100933074951171875e+00, 3.900000095367431641e+00, 3.664999961853027344e+00, 8.205181360244750977e-01, 2.355960309505462646e-01, 1.800000000000000000e+01, -1.000000000000000000e+00
4.505076408386230469e+00, 3.089112997055053711e+00, 3.904999971389770508e+00, 3.664999961853027344e+00, 8.345058560371398926e-01, 2.214172780513763428e-01, 1.800000000000000000e+01, -1.000000000000000000e+00
4.514311313629150391e+00, 3.077292680740356445e+00, 3.910000085830688477e+00, 3.664999961853027344e+00, 8.414867520332336426e-01, 2.078184932470321655e-01, 1.800000000000000000e+01, -1.000000000000000000e+00
4.523546695709228516e+00, 3.065472602844238281e+00, 3.914999961853027344e+00, 3.664999961853027344e+00, 8.520709872245788574e-01, 2.010483443737030029e-01, 1.800000000000000000e+01, -1.000000000000000000e+00
4.523546695709228516e+00, 3.065472602844238281e+00, 3.944999933242797852e+00, 3.664999961853027344e+00, 8.310385346412658691e-01, 2.161423563957214355e-01, 2.000000000000000000e+00, -1.000000000000000000e+00
4.523546695709228516e+00, 3.065472602844238281e+00, 3.950000047683715820e+00, 3.664999961853027344e+00, 8.275868296623229980e-01, 2.647555470466613770e-01, 2.000000000000000000e+00, -1.000000000000000000e+00
4.523546695709228516e+00, 3.065472602844238281e+00, 3.954999923706054688e+00, 3.664999961853027344e+00, 8.241510987281799316e-01, 3.133107125759124756e-01, 2.000000000000000000e+00, -1.000000000000000000e+00
4.523546695709228516e+00, 3.065472602844238281e+00, 3.960000038146972656e+00, 3.664999961853027344e+00, 8.207314014434814453e-01, 3.618073761463165283e-01, 2.000000000000000000e+00, -1.000000000000000000e+00
4.523546695709228516e+00, 3.065472602844238281e+00, 3.964999914169311523e+00, 3.664999961853027344e+00, 8.173279762268066406e-01, 4.102451503276824951e-01, 2.000000000000000000e+00, -1.000000000000000000e+00
4.523546695709228516e+00, 3.065472602844238281e+00, 3.970000028610229492e+00, 3.664999961853027344e+00, 8.139410018920898438e-01, 4.586235284805297852e-01, 2.000000000000000000e+00, -1.000000000000000000e+00
4.523546695709228516e+00, 3.065472602844238281e+00, 3.974999904632568359e+00, 3.664999961853027344e+00, 8.105707764625549316e-01, 5.069420933723449707e-01, 2.000000000000000000e+00, -1.000000000000000000e+00
4.523546695709228516e+00, 3.065472602844238281e+00, 3.980000019073486328e+00, 3.664999961853027344e+00, 8.072174191474914551e-01, 5.552003383636474609e-01, 2.000000000000000000e+00, -1.000000000000000000e+00
4.523546695709228516e+00, 3.065472602844238281e+00, 3.984999895095825195e+00, 3.664999961853027344e+00, 8.038812279701232910e-01, 6.033979058265686035e-01, 2.000000000000000000e+00, -1.000000000000000000e+00
4.518415927886962891e+00, 3.079567909240722656e+00, 4.224999904632568359e+00, 3.664999961853027344e+00, 6.574192047119140625e-01, 1.715358346700668335e-01, 9.000000000000000000e+00, -1.000000000000000000e+00
4.513285636901855469e+00, 3.093663454055786133e+00, 4.230000019073486328e+00, 3.664999961853027344e+00, 6.395506262779235840e-01, 1.656685769557952881e-01, 9.000000000000000000e+00, -1.000000000000000000e+00
4.508155345916748047e+00, 3.107758760452270508e+00, 4.235000133514404297e+00, 3.664999961853027344e+00, 6.216912269592285156e-01, 1.594641208648681641e-01, 9.000000000000000000e+00, -1.000000000000000000e+00
4.503025054931640625e+00, 3.121854066848754883e+00, 4.239999771118164062e+00, 3.664999961853027344e+00, 6.038418412208557129e-01, 1.528927683830261230e-01, 9.000000000000000000e+00, -1.000000000000000000e+00
4.497894763946533203e+00, 3.135949611663818359e+00, 4.244999885559082031e+00, 3.664999961853027344e+00, 5.860034227371215820e-01, 1.459212005138397217e-01, 9.000000000000000000e+00, -1.000000000000000000e+00
